id,target
1,0.0
2,0.0
3,0.0
4,0.0
5,0.0
6,0.0
7,0.0
8,0.0
9,0.0
10,0.0
11,0.0
12,0.0
13,0.0
14,0.0
15,0.0
16,0.0
17,0.0
18,0.0
19,0.0
20,0.0
21,0.0
22,0.0
23,0.0
24,0.0
25,0.0
26,0.0
27,0.0
28,0.0
29,0.0
30,0.0
31,0.0
32,0.0
33,0.0
34,0.0
35,0.0
36,0.0
37,0.0
38,0.0
39,0.0
40,0.0
41,0.0
42,0.0
43,0.0
44,0.0
45,0.0
46,0.0
47,0.0
48,0.0
49,0.0
50,0.0
51,0.0
52,0.0
53,0.0
54,0.0
55,0.0
56,0.0
57,0.0
58,3.5671035402230746
59,3.3742721318078712
60,3.191864853685523
61,3.0193181955168407
62,2.8560991093507138
63,2.7017033628804374
64,2.555653981720129
65,2.417499775888975
66,2.286813945951177
67,2.163192764505539
68,2.046254328951438
69,1.9356373816780938
70,1.8310001940323541
71,1.7320195106172351
72,1.6383895506598498
73,1.549821063363646
74,1.4660404343266569
75,1.3867888402652275
76,1.3118214494319054
77,0.0
78,0.0
79,0.0
80,0.0
81,0.0
82,0.0
83,0.0
84,0.0
85,0.0
86,0.0
87,0.0
88,0.0
89,0.0
90,0.0
91,0.0
92,0.0
93,0.0
94,0.0
95,0.0
96,0.0
97,0.0
98,0.0
99,0.0
100,0.0
101,0.0
102,0.0
103,0.0
104,0.0
105,0.0
106,0.0
107,0.0
108,0.0
109,0.0
110,0.0
111,0.0
112,0.0
113,0.0
114,0.0
115,0.0
116,0.0
117,0.0
118,0.0
119,0.0
120,0.0
121,0.0
122,0.0
123,0.0
124,0.0
125,0.0
126,0.0
127,0.0
128,0.0
129,0.0
130,0.0
131,0.0
132,0.0
133,0.0
134,1.8606876293112884
135,1.2375610926522616
136,0.8231136886816126
137,0.5474607665978266
138,0.3641213784743794
139,0.2421806024311526
140,0.16107662900667286
141,0.10713360257467038
142,0.07125558109458535
143,0.04739276674270512
144,0.03152138127323666
145,0.020965171389275193
146,0.01394413549240226
147,0.009274377538832729
148,0.006168476975834854
149,0.004102712882032809
150,0.002728753476480281
151,0.0018149199686900424
152,0.0012071205849634302
153,0.0
154,0.0
155,0.0
156,0.0
157,0.0
158,0.0
159,0.0
160,0.0
161,0.0
162,0.0
163,0.0
164,0.0
165,0.0
166,0.0
167,0.0
168,0.0
169,0.0
170,0.0
171,0.0
172,1.0
173,1.0
174,0.0
175,0.0
176,0.0
177,0.0
178,0.0
179,0.0
180,0.0
181,0.0
182,0.0
183,0.0
184,0.0
185,0.0
186,0.0
187,0.0
188,0.0
189,0.0
190,0.0
191,2.493179573208836
192,1.7144748173308608
193,1.1789860348801582
194,0.8107486073236341
195,0.557524249508203
196,0.3833904689836942
197,0.26364458915858197
198,0.18129941930182333
199,0.12467344596026364
200,0.08573368953670138
201,0.05895614310619286
202,0.040542134938330594
203,0.027879447649708157
204,0.01917174816854437
205,0.013183759321785978
206,0.009066023000445848
207,0.006234395746954411
208,0.0042871819680726396
209,0.00294814926311761
210,0.0
211,0.0
212,0.0
213,0.0
214,0.0
215,0.0
216,0.0
217,0.0
218,0.0
219,0.0
220,0.0
221,0.0
222,0.0
223,0.0
224,0.0
225,0.0
226,0.0
227,0.0
228,0.0
229,0.0
230,0.0
231,0.0
232,0.0
233,0.0
234,0.0
235,0.0
236,0.0
237,0.0
238,0.0
239,0.0
240,0.0
241,0.0
242,0.0
243,0.0
244,0.0
245,0.0
246,0.0
247,0.0
248,1.0
249,0.0
250,0.0
251,0.0
252,0.0
253,0.0
254,0.0
255,0.0
256,0.0
257,0.0
258,0.0
259,0.0
260,0.0
261,0.0
262,0.0
263,0.0
264,0.0
265,0.0
266,0.0
267,0.0
268,0.0
269,0.0
270,0.0
271,0.0
272,0.0
273,0.0
274,0.0
275,0.0
276,0.0
277,0.0
278,0.0
279,0.0
280,0.0
281,0.0
282,0.0
283,0.0
284,0.0
285,0.0
286,0.0
287,0.0
288,0.0
289,0.0
290,0.0
291,0.0
292,0.0
293,0.0
294,0.0
295,0.0
296,0.0
297,0.0
298,0.0
299,0.0
300,0.0
301,0.0
302,0.0
303,0.0
304,0.0
305,0.0
306,0.0
307,0.0
308,0.0
309,0.0
310,0.0
311,0.0
312,0.0
313,0.0
314,0.0
315,0.0
316,0.0
317,0.0
318,0.0
319,0.0
320,0.0
321,0.0
322,0.0
323,0.0
324,0.0
325,0.0
326,0.0
327,0.0
328,0.0
329,0.0
330,0.0
331,0.0
332,0.0
333,0.0
334,0.0
335,0.0
336,0.0
337,0.0
338,0.0
339,0.0
340,0.0
341,0.0
342,0.0
343,0.0
344,0.0
345,0.0
346,0.0
347,0.0
348,0.0
349,0.0
350,0.0
351,0.0
352,0.0
353,0.0
354,0.0
355,0.0
356,0.0
357,0.0
358,0.0
359,0.0
360,0.0
361,0.0
362,0.0
363,0.0
364,0.0
365,0.0
366,0.0
367,0.0
368,0.0
369,0.0
370,0.0
371,0.0
372,0.0
373,0.0
374,0.0
375,0.0
376,0.0
377,0.0
378,0.0
379,0.0
380,0.0
381,0.0
382,0.0
383,0.0
384,0.0
385,0.0
386,0.0
387,0.0
388,0.0
389,0.0
390,0.0
391,0.0
392,0.0
393,0.0
394,0.0
395,0.0
396,0.0
397,0.0
398,0.0
399,0.0
400,0.0
401,0.0
402,0.0
403,0.0
404,0.0
405,0.0
406,0.0
407,0.0
408,0.0
409,0.0
410,0.0
411,0.0
412,0.0
413,0.0
414,0.0
415,0.0
416,0.0
417,0.0
418,0.0
419,0.0
420,0.0
421,0.0
422,0.0
423,0.0
424,0.0
425,0.0
426,0.0
427,0.0
428,0.0
429,0.0
430,0.0
431,0.0
432,0.0
433,0.0
434,0.0
435,0.0
436,0.0
437,0.0
438,0.0
439,0.0
440,0.0
441,0.0
442,0.0
443,0.0
444,0.0
445,0.0
446,0.0
447,0.0
448,0.0
449,0.0
450,0.0
451,0.0
452,0.0
453,0.0
454,0.0
455,0.0
456,0.0
457,1.5965716587085161
458,1.5341168043787479
459,1.4741050654632337
460,1.41644087192196
461,1.3610323922335663
462,1.3077913871515872
463,1.256633069181476
464,1.2074759675546158
465,1.1602417984842956
466,1.1148553404970223
467,1.0712443146406387
468,1.0293392693784718
469,0.9890734699862005
470,0.9503827922753139
471,0.913205620473901
472,0.8774827491021525
473,0.8431572886863071
474,0.8101745751608882
475,0.7784820828149539
476,2.0
477,1.0
478,1.0
479,1.0
480,0.0
481,0.0
482,0.0
483,0.0
484,0.0
485,0.0
486,0.0
487,0.0
488,0.0
489,0.0
490,0.0
491,0.0
492,0.0
493,0.0
494,0.0
495,12.981578904509997
496,9.65986032188066
497,7.188101087289618
498,5.348814115257821
499,3.980162784601164
500,2.961721131182083
501,2.203877713953718
502,1.6399508133715848
503,1.2203211880814009
504,0.9080661382878785
505,0.6757107223562013
506,0.5028102701505991
507,0.3741514814021926
508,0.278413825941794
509,0.20717346403400672
510,0.15416204297563538
511,0.11471515237357116
512,0.0853619083536111
513,0.06351955471445682
514,280.3379253585343
515,222.27527590127738
516,176.2383673696717
517,139.73646869714165
518,110.79472066936239
519,87.84729027901314
520,69.65265459168387
521,55.22643073291757
522,43.788117902715065
523,34.71887000510454
524,27.52801426883451
525,21.826504418886383
526,17.305872137933786
527,13.721538030403202
528,10.87957916360064
529,8.62623727127294
530,6.839599982805907
531,5.423005008288555
532,4.299810426611807
533,0.0
534,0.0
535,0.0
536,0.0
537,0.0
538,0.0
539,0.0
540,0.0
541,0.0
542,0.0
543,0.0
544,0.0
545,0.0
546,0.0
547,0.0
548,0.0
549,0.0
550,0.0
551,0.0
552,0.0
553,0.0
554,0.0
555,0.0
556,0.0
557,0.0
558,0.0
559,0.0
560,0.0
561,0.0
562,0.0
563,0.0
564,0.0
565,0.0
566,0.0
567,0.0
568,0.0
569,0.0
570,0.0
571,44.84486492597887
572,30.428802300563074
573,20.647001857962252
574,14.009709666252892
575,9.506075811050987
576,6.450203428777998
577,4.376687615330475
578,2.969734938393437
579,2.015068558565319
580,1.3672941794310975
581,0.9277567084055898
582,0.6295152301092278
583,0.4271480026488014
584,0.28983479261526723
585,0.19666299851436458
586,0.13344269207872747
587,0.09054551290143913
588,0.061438283197612555
589,0.041688014362222976
590,0.0
591,0.0
592,0.0
593,0.0
594,0.0
595,0.0
596,0.0
597,0.0
598,0.0
599,0.0
600,0.0
601,0.0
602,0.0
603,0.0
604,0.0
605,0.0
606,0.0
607,0.0
608,0.0
609,0.0
610,0.0
611,0.0
612,0.0
613,0.0
614,0.0
615,0.0
616,0.0
617,0.0
618,0.0
619,0.0
620,0.0
621,0.0
622,0.0
623,0.0
624,0.0
625,0.0
626,0.0
627,0.0
628,4.302677884323874
629,3.1063612229814255
630,2.2426684746257695
631,1.619116878575055
632,1.1689375831280995
633,0.8439261496995272
634,0.6092809029552951
635,0.4398764261993666
636,0.3175731741917471
637,0.22927512128261196
638,0.1655274611054428
639,0.11950420188085109
640,0.08627725074621848
641,0.06228872189571617
642,0.0449699641776303
643,0.032466514267592214
644,0.023439523868068912
645,0.016922398094032204
646,0.01221729412528794
647,2.145541749081619
648,1.3712011158122244
649,0.8763252921130471
650,0.5600535244183554
651,0.35792639221573297
652,0.22874831897115724
653,0.14619149235743414
654,0.09342998686861825
655,0.05971046813673413
656,0.03816055342190658
657,0.024388149731660036
658,0.015586300354659608
659,0.009961098378459335
660,0.006366070115906737
661,0.004068512043639615
662,0.0026001583312569186
663,0.0016617434765061323
664,0.00106200893557733
665,0.0006787226760278672
666,0.0
667,0.0
668,0.0
669,0.0
670,0.0
671,0.0
672,0.0
673,0.0
674,0.0
675,0.0
676,0.0
677,0.0
678,0.0
679,0.0
680,0.0
681,0.0
682,0.0
683,0.0
684,0.0
685,17.43976119417984
686,12.347900079236846
687,8.742702074252099
688,6.190108364065735
689,4.382791639637849
690,3.1031544888598384
691,2.1971310921197835
692,1.5556379978146533
693,1.1014406873237446
694,0.7798546894563233
695,0.5521616766716182
696,0.39094785388462805
697,0.2768033909529974
698,0.19598551694745753
699,0.13876391730939608
700,0.09824922293728046
701,0.06956354357060085
702,0.04925317930695517
703,0.034872801863249356
704,398.2565317887631
705,255.84857966236333
706,164.36264189125248
707,105.59010366648585
708,67.83335838368878
709,43.577611441160364
710,27.995196820055792
711,17.98471781896254
712,11.553770352348026
713,7.422391093289715
714,4.768304013464344
715,3.063261269724192
716,1.967905062281205
717,1.2642246263573444
718,0.8121651478632068
719,0.5217523956199374
720,0.3351849842995161
721,0.2153300581713207
722,0.1383326703878581
723,8.302398098903756
724,6.04211162678029
725,4.3971768729439695
726,3.2000674013129076
727,2.3288650124481887
728,1.6948431286103944
729,1.2334305403034922
730,0.8976352277515645
731,0.6532585141781423
732,0.47541214198463205
733,0.34598355756719873
734,0.2517912596997251
735,0.18324234511884507
736,0.13335553062762084
737,0.09705015255857147
738,0.07062873258659713
739,0.05140041241850131
740,0.03740690651007641
741,0.027223062789082493
742,3.009511795715619
743,2.034872567801532
744,1.3758731143988088
745,0.9302925681339818
746,0.6290145895491804
747,0.42530636857537557
748,0.28756965284448377
749,0.1944393767582177
750,0.1314696139184401
751,0.08889279358962571
752,0.060104601486621285
753,0.04063954988908303
754,0.027478312381039472
755,0.018579380268008778
756,0.012562393438014175
757,0.00849402545267862
758,0.005743210379992465
759,0.0038832548421963444
760,0.0026256513642568527
761,121.26317175333688
762,75.60381058056603
763,47.13662105036288
764,29.38821505138054
765,18.32263672407509
766,11.423593298724493
767,7.122254608868283
768,4.440503910377256
769,2.7685158788796635
770,1.7260834189779268
771,1.0761592490761485
772,0.6709517724571513
773,0.41831753186143766
774,0.26080795169793
775,0.16260563444756762
776,0.10137954836867766
777,0.063206990719323
778,0.03940758999304164
779,0.02456940492477716
780,4.929670022436998
781,3.6647066672181254
782,2.724335482015443
783,2.025265455748564
784,1.5055782202029062
785,1.1192437863961517
786,0.8320435541486302
787,0.6185394856909653
788,0.45982099548901806
789,0.3418299927228074
790,0.2541157212723774
791,0.18890911029607887
792,0.14043464833332714
793,0.10439883191231462
794,0.07760987928553255
795,0.057695026394298535
796,0.04289036526383724
797,0.03188461029367283
798,0.02370295443570285
799,11.234011561831709
800,7.781092273850725
801,5.389472553142669
802,3.7329482004335137
803,2.5855781117197063
804,1.7908671143702648
805,1.2404208586062477
806,0.8591614051757862
807,0.5950869940812142
808,0.4121792813216042
809,0.28549062849726536
810,0.19774137772870987
811,0.1369629983017914
812,0.09486564278697728
813,0.06570745597695239
814,0.045511416400330545
815,0.03152289176270658
816,0.021833921764651907
817,0.015122982472976328
818,257.3968240646224
819,160.02386181902278
820,99.48699423363755
821,61.851163377356045
822,38.45292985883503
823,23.90622478201952
824,14.862523751155294
825,9.240045815171767
826,5.744545683894144
827,3.5713897717003253
828,2.220336577210294
829,1.3803854609100321
830,0.85818701554063
831,0.5335357220851918
832,0.33169968967852564
833,0.20621802735686762
834,0.1282059529454873
835,0.07970576860487615
836,0.049553155707171594
837,4.507509462771264
838,2.6765598548392053
839,1.5893416787487749
840,0.9437513482991864
841,0.560399704686357
842,0.33276543612735293
843,0.19759617029598892
844,0.11733263817910114
845,0.06967213970516575
846,0.04137132793082243
847,0.024566301279143093
848,0.014587473709975022
849,0.008662044270371125
850,0.005143523301814941
851,0.003054224976291852
852,0.0018135992895207465
853,0.001076915554185374
854,0.0006394726318804749
855,0.0003797189532037831
856,2.370959543981122
857,2.284197343129728
858,2.200610092907789
859,2.1200816100995685
860,2.0424999630639786
861,1.9677573161537059
862,1.8957497798276082
863,1.82637726624806
864,1.7595433501625242
865,1.6951551348759828
866,1.633123123127935
867,1.5733610926944837
868,1.5157859765426007
869,1.460317747369997
870,1.406879306370103
871,1.3553963760675496
872,1.3057973970752026
873,1.258013428629232
874,1.2119780527639785
875,0.0
876,0.0
877,0.0
878,0.0
879,0.0
880,0.0
881,0.0
882,0.0
883,0.0
884,0.0
885,0.0
886,0.0
887,0.0
888,0.0
889,0.0
890,0.0
891,0.0
892,0.0
893,0.0
894,26.2402905854114
895,15.988161075657526
896,9.741557310469963
897,5.935513057699661
898,3.6164972534995607
899,2.2035251641142417
900,1.3426038535453533
901,0.818046073133647
902,0.49843397663596467
903,0.30369491062217163
904,0.18504075376300058
905,0.11274499293726298
906,0.068695318052499
907,0.04185593168611849
908,0.025502742646509802
909,0.015538774465025475
910,0.009467746870275226
911,0.0057686808571270135
912,0.003514846698728461
913,0.0
914,0.0
915,0.0
916,0.0
917,0.0
918,0.0
919,0.0
920,0.0
921,0.0
922,0.0
923,0.0
924,0.0
925,0.0
926,0.0
927,0.0
928,0.0
929,0.0
930,0.0
931,0.0
932,14.218323873555489
933,10.267138823820032
934,7.413963879642046
935,5.35366876321107
936,3.8659170305488137
937,2.79160238485194
938,2.015833193917439
939,1.4556455058749025
940,1.051130542530684
941,0.7590278079255122
942,0.5480986327513075
943,0.39578538241557276
944,0.2857990507064761
945,0.20637724639096988
946,0.14902627465919005
947,0.10761278642473499
948,0.07770785271643697
949,0.05611331677600256
950,0.040519770004376766
951,2.0
952,1.0
953,1.0
954,1.0
955,0.0
956,0.0
957,0.0
958,0.0
959,0.0
960,0.0
961,0.0
962,0.0
963,0.0
964,0.0
965,0.0
966,0.0
967,0.0
968,0.0
969,0.0
970,0.0
971,0.0
972,0.0
973,0.0
974,0.0
975,0.0
976,0.0
977,0.0
978,0.0
979,0.0
980,0.0
981,0.0
982,0.0
983,0.0
984,0.0
985,0.0
986,0.0
987,0.0
988,0.0
989,0.0
990,0.0
991,0.0
992,0.0
993,0.0
994,0.0
995,0.0
996,0.0
997,0.0
998,0.0
999,0.0
1000,0.0
1001,0.0
1002,0.0
1003,0.0
1004,0.0
1005,0.0
1006,0.0
1007,0.0
1008,0.0
1009,0.0
1010,0.0
1011,0.0
1012,0.0
1013,0.0
1014,0.0
1015,0.0
1016,0.0
1017,0.0
1018,0.0
1019,0.0
1020,0.0
1021,0.0
1022,0.0
1023,0.0
1024,0.0
1025,0.0
1026,0.0
1027,0.0
1028,0.0
1029,0.0
1030,0.0
1031,0.0
1032,0.0
1033,0.0
1034,0.0
1035,0.0
1036,0.0
1037,0.0
1038,0.0
1039,0.0
1040,0.0
1041,0.0
1042,0.0
1043,0.0
1044,0.0
1045,0.0
1046,1.0
1047,1.0
1048,0.0
1049,0.0
1050,0.0
1051,0.0
1052,0.0
1053,0.0
1054,0.0
1055,0.0
1056,0.0
1057,0.0
1058,0.0
1059,0.0
1060,0.0
1061,0.0
1062,0.0
1063,0.0
1064,0.0
1065,11.9757587391647
1066,9.0255211950513
1067,6.802076980385296
1068,5.126379989274908
1069,3.863492264233331
1070,2.911717919276221
1071,2.1944139295738014
1072,1.6538183394854853
1073,1.246398896378561
1074,0.9393475521483234
1075,0.7079385470340219
1076,0.5335373315557498
1077,0.40209999209147446
1078,0.3030423441383299
1079,0.22838762533465154
1080,0.1721241549735084
1081,0.12972123459812215
1082,0.09776430686472193
1083,0.07367999330525857
1084,10.611149438365178
1085,7.981267093387263
1086,6.00317852330619
1087,4.515342233383399
1088,3.39625340233046
1089,2.5545211363078124
1090,1.9214049903831099
1091,1.4452012491096755
1092,1.0870205192980773
1093,0.8176118101911427
1094,0.6149737381183026
1095,0.46255777358057476
1096,0.34791679812944926
1097,0.2616886048280033
1098,0.19683132940119535
1099,0.14804837321558462
1100,0.11135585416438254
1101,0.08375726113938747
1102,0.06299874260059697
1103,0.0
1104,0.0
1105,0.0
1106,0.0
1107,0.0
1108,0.0
1109,0.0
1110,0.0
1111,0.0
1112,0.0
1113,0.0
1114,0.0
1115,0.0
1116,0.0
1117,0.0
1118,0.0
1119,0.0
1120,0.0
1121,0.0
1122,0.0
1123,0.0
1124,0.0
1125,0.0
1126,0.0
1127,0.0
1128,0.0
1129,0.0
1130,0.0
1131,0.0
1132,0.0
1133,0.0
1134,0.0
1135,0.0
1136,0.0
1137,0.0
1138,0.0
1139,0.0
1140,0.0
1141,20.420719191948336
1142,14.644034443473577
1143,10.501478560372883
1144,7.530783431277733
1145,5.400448971329757
1146,3.872751003674568
1147,2.7772136013294006
1148,1.9915856661300453
1149,1.4281989198223743
1150,1.024184994535208
1151,0.7344599470510325
1152,0.5266933383133662
1153,0.3777004773881878
1154,0.27085524012150697
1155,0.19423475873947527
1156,0.13928894816898335
1157,0.09988640142439495
1158,0.07163018545743534
1159,0.051367187079516485
1160,1.0
1161,1.0
1162,0.0
1163,0.0
1164,0.0
1165,0.0
1166,0.0
1167,0.0
1168,0.0
1169,0.0
1170,0.0
1171,0.0
1172,0.0
1173,0.0
1174,0.0
1175,0.0
1176,0.0
1177,0.0
1178,0.0
1179,1.0
1180,0.0
1181,0.0
1182,0.0
1183,0.0
1184,0.0
1185,0.0
1186,0.0
1187,0.0
1188,0.0
1189,0.0
1190,0.0
1191,0.0
1192,0.0
1193,0.0
1194,0.0
1195,0.0
1196,0.0
1197,0.0
1198,4.278220590203844
1199,3.8309476608096062
1200,3.430435544503636
1201,3.0717955625911673
1202,2.7506501305565587
1203,2.4630793249628113
1204,2.205573036593981
1205,1.974988125818417
1206,1.7685100572082264
1207,1.5836185451244593
1208,1.4180567909356439
1209,1.2698039363770253
1210,1.137050396814301
1211,1.0181757733279557
1212,0.9117290740115606
1213,0.8164110030638405
1214,0.7310581014939257
1215,0.6546285458601431
1216,0.5861894317007666
1217,0.0
1218,0.0
1219,0.0
1220,0.0
1221,0.0
1222,0.0
1223,0.0
1224,0.0
1225,0.0
1226,0.0
1227,0.0
1228,0.0
1229,0.0
1230,0.0
1231,0.0
1232,0.0
1233,0.0
1234,0.0
1235,0.0
1236,0.0
1237,0.0
1238,0.0
1239,0.0
1240,0.0
1241,0.0
1242,0.0
1243,0.0
1244,0.0
1245,0.0
1246,0.0
1247,0.0
1248,0.0
1249,0.0
1250,0.0
1251,0.0
1252,0.0
1253,0.0
1254,0.0
1255,0.0
1256,0.0
1257,0.0
1258,0.0
1259,0.0
1260,0.0
1261,0.0
1262,0.0
1263,0.0
1264,0.0
1265,0.0
1266,0.0
1267,0.0
1268,0.0
1269,0.0
1270,0.0
1271,0.0
1272,0.0
1273,0.0
1274,6.8469465965403264
1275,4.852725827780619
1276,3.439335713748384
1277,2.4376052906485914
1278,1.7276358132897014
1279,1.2244498790725062
1280,0.8678203443269709
1281,0.6150616394345579
1282,0.4359206635070459
1283,0.30895574148815375
1284,0.21897023515828806
1285,0.15519363276540513
1286,0.10999240893865297
1287,0.07795635560909916
1288,0.05525102539796013
1289,0.03915878036722539
1290,0.027753513510451695
1291,0.019670109869394856
1292,0.013941053702204475
1293,1.0
1294,1.0
1295,1.0
1296,0.0
1297,0.0
1298,0.0
1299,0.0
1300,0.0
1301,0.0
1302,0.0
1303,0.0
1304,0.0
1305,0.0
1306,0.0
1307,0.0
1308,0.0
1309,0.0
1310,0.0
1311,0.0
1312,1.0
1313,0.0
1314,0.0
1315,0.0
1316,0.0
1317,0.0
1318,0.0
1319,0.0
1320,0.0
1321,0.0
1322,0.0
1323,0.0
1324,0.0
1325,0.0
1326,0.0
1327,0.0
1328,0.0
1329,0.0
1330,0.0
1331,0.0
1332,0.0
1333,0.0
1334,0.0
1335,0.0
1336,0.0
1337,0.0
1338,0.0
1339,0.0
1340,0.0
1341,0.0
1342,0.0
1343,0.0
1344,0.0
1345,0.0
1346,0.0
1347,0.0
1348,0.0
1349,0.0
1350,2.268622561097051
1351,1.3480784678204047
1352,0.8010656274714116
1353,0.47601542108575273
1354,0.2828615700647236
1355,0.16808419281245698
1356,0.09988029079719311
1357,0.05935163993001321
1358,0.03526839113368833
1359,0.020957456518902778
1360,0.012453502119697285
1361,0.007400216476909787
1362,0.004397413946596599
1363,0.002613065371541289
1364,0.0015527559422130062
1365,0.0009226906614493427
1366,0.0005482883907128766
1367,0.00032580817380150766
1368,0.00019360425628902605
1369,0.0
1370,0.0
1371,0.0
1372,0.0
1373,0.0
1374,0.0
1375,0.0
1376,0.0
1377,0.0
1378,0.0
1379,0.0
1380,0.0
1381,0.0
1382,0.0
1383,0.0
1384,0.0
1385,0.0
1386,0.0
1387,0.0
1388,1.8360847840291001
1389,1.2253834255931735
1390,0.8178078445938812
1391,0.5457962436170034
1392,0.3642585987841234
1393,0.24310230848946704
1394,0.1622438909889197
1395,0.10827984450984748
1396,0.07226481475273211
1397,0.04822876755028733
1398,0.03218736569627348
1399,0.021481504983211434
1400,0.014336527589679788
1401,0.009568045790566516
1402,0.006385611835063778
1403,0.004261689314688397
1404,0.0028442060501079345
1405,0.001898192819356677
1406,0.0012668336667522766
1407,0.0
1408,0.0
1409,0.0
1410,0.0
1411,0.0
1412,0.0
1413,0.0
1414,0.0
1415,0.0
1416,0.0
1417,0.0
1418,0.0
1419,0.0
1420,0.0
1421,0.0
1422,0.0
1423,0.0
1424,0.0
1425,0.0
1426,2.214156362431022
1427,1.7393216093864385
1428,1.3663170823026627
1429,1.073304878935299
1430,0.8431303231639851
1431,0.6623176282807696
1432,0.5202809443329027
1433,0.4087045995417552
1434,0.32105625144653777
1435,0.2522044447468265
1436,0.19811818540666828
1437,0.1556309423025142
1438,0.12225525966862243
1439,0.09603712665049408
1440,0.07544157789433915
1441,0.05926282755106106
1442,0.04655367540516853
1443,0.036570052143774075
1444,0.028727457116090035
1445,1.0
1446,1.0
1447,1.0
1448,0.0
1449,0.0
1450,0.0
1451,0.0
1452,0.0
1453,0.0
1454,0.0
1455,0.0
1456,0.0
1457,0.0
1458,0.0
1459,0.0
1460,0.0
1461,0.0
1462,0.0
1463,0.0
1464,0.0
1465,0.0
1466,0.0
1467,0.0
1468,0.0
1469,0.0
1470,0.0
1471,0.0
1472,0.0
1473,0.0
1474,0.0
1475,0.0
1476,0.0
1477,0.0
1478,0.0
1479,0.0
1480,0.0
1481,0.0
1482,0.0
1483,0.0
1484,0.0
1485,0.0
1486,0.0
1487,0.0
1488,0.0
1489,0.0
1490,0.0
1491,0.0
1492,0.0
1493,0.0
1494,0.0
1495,0.0
1496,0.0
1497,0.0
1498,0.0
1499,0.0
1500,0.0
1501,0.0
1502,0.0
1503,0.0
1504,0.0
1505,0.0
1506,0.0
1507,0.0
1508,0.0
1509,0.0
1510,0.0
1511,0.0
1512,0.0
1513,0.0
1514,0.0
1515,0.0
1516,0.0
1517,0.0
1518,0.0
1519,0.0
1520,0.0
1521,0.0
1522,0.0
1523,0.0
1524,0.0
1525,0.0
1526,0.0
1527,0.0
1528,0.0
1529,0.0
1530,0.0
1531,0.0
1532,0.0
1533,0.0
1534,0.0
1535,0.0
1536,0.0
1537,0.0
1538,0.0
1539,0.0
1540,0.0
1541,0.0
1542,0.0
1543,0.0
1544,0.0
1545,0.0
1546,0.0
1547,0.0
1548,0.0
1549,0.0
1550,0.0
1551,0.0
1552,0.0
1553,0.0
1554,0.0
1555,0.0
1556,0.0
1557,0.0
1558,0.0
1559,2.7219918126305394
1560,2.2027399324215886
1561,1.7825414416642276
1562,1.4425007439517559
1563,1.1673267996275432
1564,0.9446455142863036
1565,0.7644432972377206
1566,0.6186167677228454
1567,0.5006083599538134
1568,0.40511144076832606
1569,0.3278316795519164
1570,0.26529393964781184
1571,0.21468600749645095
1572,0.17373213227543982
1573,0.14059068933717014
1574,0.11377136554660784
1575,0.09206814248770936
1576,0.0745050639096411
1577,0.06029234866903863
1578,0.5508567056306812
1579,0.4412501948320766
1580,0.3534525992861058
1581,0.2831244980858256
1582,0.22678990500637053
1583,0.1816644669060291
1584,0.14551784628740302
1585,0.11656348623794337
1586,0.09337030935098024
1587,0.07479198632152693
1588,0.05991027829727055
1589,0.047989652664477196
1590,0.038440929141236944
1591,0.03079215937596114
1592,0.024665300767079283
1593,0.019757531600899346
1594,0.015826284003053765
1595,0.012677254952937252
1596,0.0101548028021462
1597,0.0
1598,0.0
1599,0.0
1600,0.0
1601,0.0
1602,0.0
1603,0.0
1604,0.0
1605,0.0
1606,0.0
1607,0.0
1608,0.0
1609,0.0
1610,0.0
1611,0.0
1612,0.0
1613,0.0
1614,0.0
1615,0.0
1616,0.0
1617,0.0
1618,0.0
1619,0.0
1620,0.0
1621,0.0
1622,0.0
1623,0.0
1624,0.0
1625,0.0
1626,0.0
1627,0.0
1628,0.0
1629,0.0
1630,0.0
1631,0.0
1632,0.0
1633,0.0
1634,0.0
1635,6.485677262539919
1636,5.229454208025381
1637,4.216551364926332
1638,3.3998395828339216
1639,2.741318245320672
1640,2.2103471469862876
1641,1.7822208415713918
1642,1.4370191272724757
1643,1.158680183723027
1644,0.9342532348199326
1645,0.7532959646957685
1646,0.6073886493272885
1647,0.48974239690852833
1648,0.3948832688845155
1649,0.3183975841773915
1650,0.256726555917078
1651,0.20700070537069282
1652,0.16690634855010691
1653,0.13457794328015804
1654,0.0
1655,0.0
1656,0.0
1657,0.0
1658,0.0
1659,0.0
1660,0.0
1661,0.0
1662,0.0
1663,0.0
1664,0.0
1665,0.0
1666,0.0
1667,0.0
1668,0.0
1669,0.0
1670,0.0
1671,0.0
1672,0.0
1673,1.3999614938850022
1674,1.3999422494294442
1675,1.3999230052384288
1676,1.3999037613119518
1677,1.3998845176500099
1678,1.3998652742525994
1679,1.3998460311197167
1680,1.3998267882513582
1681,1.3998075456475203
1682,1.3997883033081993
1683,1.3997690612333913
1684,1.3997498194230928
1685,1.3997305778773006
1686,1.3997113365960105
1687,1.3996920955792194
1688,1.399672854826923
1689,1.399653614339118
1690,1.399634374115801
1691,1.399615134156968
1692,4.915013416646051
1693,3.9952126910854395
1694,3.247544430489522
1695,2.63979558623653
1696,2.1457814931460257
1697,1.7442177115283
1698,1.4178029938866588
1699,1.1524738661853433
1700,0.9367987075546911
1701,0.761485222550811
1702,0.618980085569135
1703,0.5031435082190431
1704,0.4089847084986568
1705,0.3324468845435466
1706,0.27023242861187124
1707,0.21966085070622643
1708,0.17855329051675267
1709,0.1451386419193915
1710,0.11797724543322763
1711,0.0
1712,0.0
1713,0.0
1714,0.0
1715,0.0
1716,0.0
1717,0.0
1718,0.0
1719,0.0
1720,0.0
1721,0.0
1722,0.0
1723,0.0
1724,0.0
1725,0.0
1726,0.0
1727,0.0
1728,0.0
1729,0.0
1730,0.0
1731,0.0
1732,0.0
1733,0.0
1734,0.0
1735,0.0
1736,0.0
1737,0.0
1738,0.0
1739,0.0
1740,0.0
1741,0.0
1742,0.0
1743,0.0
1744,0.0
1745,0.0
1746,0.0
1747,0.0
1748,0.0
1749,1.0
1750,1.0
1751,0.0
1752,0.0
1753,0.0
1754,0.0
1755,0.0
1756,0.0
1757,0.0
1758,0.0
1759,0.0
1760,0.0
1761,0.0
1762,0.0
1763,0.0
1764,0.0
1765,0.0
1766,0.0
1767,0.0
1768,1.0
1769,1.0
1770,0.0
1771,0.0
1772,0.0
1773,0.0
1774,0.0
1775,0.0
1776,0.0
1777,0.0
1778,0.0
1779,0.0
1780,0.0
1781,0.0
1782,0.0
1783,0.0
1784,0.0
1785,0.0
1786,0.0
1787,0.0
1788,0.0
1789,0.0
1790,0.0
1791,0.0
1792,0.0
1793,0.0
1794,0.0
1795,0.0
1796,0.0
1797,0.0
1798,0.0
1799,0.0
1800,0.0
1801,0.0
1802,0.0
1803,0.0
1804,0.0
1805,0.0
1806,0.0
1807,0.0
1808,0.0
1809,0.0
1810,0.0
1811,0.0
1812,0.0
1813,0.0
1814,0.0
1815,0.0
1816,0.0
1817,0.0
1818,0.0
1819,0.0
1820,0.0
1821,0.0
1822,0.0
1823,0.0
1824,0.0
1825,0.0
1826,0.0
1827,0.0
1828,0.0
1829,0.0
1830,0.0
1831,0.0
1832,0.0
1833,0.0
1834,0.0
1835,0.0
1836,0.0
1837,0.0
1838,0.0
1839,0.0
1840,0.0
1841,0.0
1842,0.0
1843,0.0
1844,0.0
1845,0.0
1846,0.0
1847,0.0
1848,0.0
1849,0.0
1850,0.0
1851,0.0
1852,0.0
1853,0.0
1854,0.0
1855,0.0
1856,0.0
1857,0.0
1858,0.0
1859,0.0
1860,0.0
1861,0.0
1862,0.0
1863,0.0
1864,0.0
1865,0.0
1866,0.0
1867,0.0
1868,0.0
1869,0.0
1870,0.0
1871,0.0
1872,0.0
1873,0.0
1874,0.0
1875,0.0
1876,0.0
1877,0.0
1878,0.0
1879,0.0
1880,0.0
1881,0.0
1882,0.0
1883,0.0
1884,0.0
1885,0.0
1886,0.0
1887,0.0
1888,0.0
1889,0.0
1890,0.0
1891,0.0
1892,0.0
1893,0.0
1894,0.0
1895,0.0
1896,0.0
1897,0.0
1898,0.0
1899,0.0
1900,0.0
1901,1.0
1902,1.0
1903,0.0
1904,0.0
1905,0.0
1906,0.0
1907,0.0
1908,0.0
1909,0.0
1910,0.0
1911,0.0
1912,0.0
1913,0.0
1914,0.0
1915,0.0
1916,0.0
1917,0.0
1918,0.0
1919,0.0
1920,0.0
1921,0.0
1922,0.0
1923,0.0
1924,0.0
1925,0.0
1926,0.0
1927,0.0
1928,0.0
1929,0.0
1930,0.0
1931,0.0
1932,0.0
1933,0.0
1934,0.0
1935,0.0
1936,0.0
1937,0.0
1938,0.0
1939,0.0
1940,0.0
1941,0.0
1942,0.0
1943,0.0
1944,0.0
1945,0.0
1946,0.0
1947,0.0
1948,0.0
1949,0.0
1950,0.0
1951,0.0
1952,0.0
1953,0.0
1954,0.0
1955,0.0
1956,0.0
1957,0.0
1958,0.0
1959,0.0
1960,0.0
1961,0.0
1962,0.0
1963,0.0
1964,0.0
1965,0.0
1966,0.0
1967,0.0
1968,0.0
1969,0.0
1970,0.0
1971,0.0
1972,0.0
1973,0.0
1974,0.0
1975,0.0
1976,0.0
1977,0.0
1978,0.0
1979,0.0
1980,0.0
1981,0.0
1982,0.0
1983,0.0
1984,0.0
1985,0.0
1986,0.0
1987,0.0
1988,0.0
1989,0.0
1990,0.0
1991,0.0
1992,0.0
1993,0.0
1994,0.0
1995,0.0
1996,0.0
1997,0.0
1998,0.0
1999,0.0
2000,0.0
2001,0.0
2002,0.0
2003,0.0
2004,0.0
2005,0.0
2006,0.0
2007,0.0
2008,0.0
2009,0.0
2010,0.0
2011,0.0
2012,0.0
2013,0.0
2014,0.0
2015,1.0
2016,0.0
2017,0.0
2018,0.0
2019,0.0
2020,0.0
2021,0.0
2022,0.0
2023,0.0
2024,0.0
2025,0.0
2026,0.0
2027,0.0
2028,0.0
2029,0.0
2030,0.0
2031,0.0
2032,0.0
2033,0.0
2034,4.582406909990613
2035,4.099975246744878
2036,3.668333553546241
2037,3.28213470819292
2038,2.9365945286820363
2039,2.6274325073736082
2040,2.3508187846082587
2041,2.1033267048945863
2042,1.8818903679383059
2043,1.6837666486607292
2044,1.506501215715413
2045,1.3478981275447033
2046,1.205992629336004
2047,1.0790268138899333
2048,0.9654278448903134
2049,0.8637884728086368
2050,0.7728496020765268
2051,0.6914846935705405
2052,0.6186858091893002
2053,0.0
2054,0.0
2055,0.0
2056,0.0
2057,0.0
2058,0.0
2059,0.0
2060,0.0
2061,0.0
2062,0.0
2063,0.0
2064,0.0
2065,0.0
2066,0.0
2067,0.0
2068,0.0
2069,0.0
2070,0.0
2071,0.0
2072,0.0
2073,0.0
2074,0.0
2075,0.0
2076,0.0
2077,0.0
2078,0.0
2079,0.0
2080,0.0
2081,0.0
2082,0.0
2083,0.0
2084,0.0
2085,0.0
2086,0.0
2087,0.0
2088,0.0
2089,0.0
2090,0.0
2091,2.0
2092,1.0
2093,1.0
2094,1.0
2095,0.0
2096,0.0
2097,0.0
2098,0.0
2099,0.0
2100,0.0
2101,0.0
2102,0.0
2103,0.0
2104,0.0
2105,0.0
2106,0.0
2107,0.0
2108,0.0
2109,0.0
2110,0.0
2111,0.0
2112,0.0
2113,0.0
2114,0.0
2115,0.0
2116,0.0
2117,0.0
2118,0.0
2119,0.0
2120,0.0
2121,0.0
2122,0.0
2123,0.0
2124,0.0
2125,0.0
2126,0.0
2127,0.0
2128,0.0
2129,1.0
2130,1.0
2131,1.0
2132,0.0
2133,0.0
2134,0.0
2135,0.0
2136,0.0
2137,0.0
2138,0.0
2139,0.0
2140,0.0
2141,0.0
2142,0.0
2143,0.0
2144,0.0
2145,0.0
2146,0.0
2147,0.0
2148,7.522378558170054
2149,7.297335772284982
2150,7.079025465374119
2151,6.867246225634993
2152,6.661802666789214
2153,6.462505247820239
2154,6.269170098103957
2155,6.0816188477707245
2156,5.8996784631423775
2157,5.723181087092388
2158,5.551963884181858
2159,5.385868890428508
2160,5.224742867570038
2161,5.06843716168741
2162,4.916807566057616
2163,4.7697141881094085
2164,4.627021320359235
2165,4.48859731520832
2166,4.354314463485359
2167,0.0
2168,0.0
2169,0.0
2170,0.0
2171,0.0
2172,0.0
2173,0.0
2174,0.0
2175,0.0
2176,0.0
2177,0.0
2178,0.0
2179,0.0
2180,0.0
2181,0.0
2182,0.0
2183,0.0
2184,0.0
2185,0.0
2186,0.0
2187,0.0
2188,0.0
2189,0.0
2190,0.0
2191,0.0
2192,0.0
2193,0.0
2194,0.0
2195,0.0
2196,0.0
2197,0.0
2198,0.0
2199,0.0
2200,0.0
2201,0.0
2202,0.0
2203,0.0
2204,0.0
2205,0.0
2206,0.0
2207,0.0
2208,0.0
2209,0.0
2210,0.0
2211,0.0
2212,0.0
2213,0.0
2214,0.0
2215,0.0
2216,0.0
2217,0.0
2218,0.0
2219,0.0
2220,0.0
2221,0.0
2222,0.0
2223,0.0
2224,2.8106820879985124
2225,2.6394040247039365
2226,2.4785633477972437
2227,2.3275240211596535
2228,2.18568876760392
2229,2.0524967069726556
2230,1.9274211381668263
2231,1.8099674563335588
2232,1.6996711969768923
2233,1.5960961992570046
2234,1.4988328812147838
2235,1.407496620101203
2236,1.3217262314065985
2237,1.2411825405752503
2238,1.1655470417571847
2239,1.0945206382933015
2240,1.0278224599531411
2241,0.965188752248119
2242,0.906371833428073
2243,0.0
2244,0.0
2245,0.0
2246,0.0
2247,0.0
2248,0.0
2249,0.0
2250,0.0
2251,0.0
2252,0.0
2253,0.0
2254,0.0
2255,0.0
2256,0.0
2257,0.0
2258,0.0
2259,0.0
2260,0.0
2261,0.0
2262,0.0
2263,0.0
2264,0.0
2265,0.0
2266,0.0
2267,0.0
2268,0.0
2269,0.0
2270,0.0
2271,0.0
2272,0.0
2273,0.0
2274,0.0
2275,0.0
2276,0.0
2277,0.0
2278,0.0
2279,0.0
2280,0.0
2281,0.0
2282,0.0
2283,0.0
2284,0.0
2285,0.0
2286,0.0
2287,0.0
2288,0.0
2289,0.0
2290,0.0
2291,0.0
2292,0.0
2293,0.0
2294,0.0
2295,0.0
2296,0.0
2297,0.0
2298,0.0
2299,0.0
2300,0.0
2301,0.0
2302,0.0
2303,0.0
2304,0.0
2305,0.0
2306,0.0
2307,0.0
2308,0.0
2309,0.0
2310,0.0
2311,0.0
2312,0.0
2313,0.0
2314,0.0
2315,0.0
2316,0.0
2317,0.0
2318,0.0
2319,0.0
2320,0.0
2321,0.0
2322,0.0
2323,0.0
2324,0.0
2325,0.0
2326,0.0
2327,0.0
2328,0.0
2329,0.0
2330,0.0
2331,0.0
2332,0.0
2333,0.0
2334,0.0
2335,0.0
2336,0.0
2337,0.0
2338,0.0
2339,0.0
2340,0.0
2341,0.0
2342,0.0
2343,0.0
2344,0.0
2345,0.0
2346,0.0
2347,0.0
2348,0.0
2349,0.0
2350,0.0
2351,0.0
2352,0.0
2353,0.0
2354,0.0
2355,0.0
2356,0.0
2357,0.0
2358,0.0
2359,0.0
2360,0.0
2361,0.0
2362,0.0
2363,0.0
2364,0.0
2365,0.0
2366,0.0
2367,0.0
2368,0.0
2369,0.0
2370,0.0
2371,0.0
2372,0.0
2373,0.0
2374,0.0
2375,0.0
2376,0.0
2377,0.0
2378,0.0
2379,0.0
2380,0.0
2381,0.0
2382,0.0
2383,0.0
2384,0.0
2385,0.0
2386,0.0
2387,0.0
2388,0.0
2389,0.0
2390,0.0
2391,0.0
2392,0.0
2393,0.0
2394,0.0
2395,1.0
2396,1.0
2397,0.0
2398,0.0
2399,0.0
2400,0.0
2401,0.0
2402,0.0
2403,0.0
2404,0.0
2405,0.0
2406,0.0
2407,0.0
2408,0.0
2409,0.0
2410,0.0
2411,0.0
2412,0.0
2413,0.0
2414,0.0
2415,0.0
2416,0.0
2417,0.0
2418,0.0
2419,0.0
2420,0.0
2421,0.0
2422,0.0
2423,0.0
2424,0.0
2425,0.0
2426,0.0
2427,0.0
2428,0.0
2429,0.0
2430,0.0
2431,0.0
2432,0.0
2433,0.9010291767684969
2434,0.64218784929497
2435,0.4577046386679429
2436,0.32621846783327657
2437,0.23250471977998743
2438,0.16571239843968194
2439,0.11810770560966279
2440,0.08417855426464221
2441,0.059996330988801964
2442,0.042761006809424545
2443,0.03047692539226996
2444,0.0217217285249063
2445,0.015481663062685514
2446,0.011034199737451829
2447,0.007864372409669413
2448,0.005605150792045781
2449,0.003994942477920134
2450,0.0028473034881664077
2451,0.0020293501592406832
2452,5.972046842940801
2453,5.044209607257524
2454,4.260524277706392
2455,3.5985949304740807
2456,3.0395051476165245
2457,2.567277429352198
2458,2.1684165938753543
2459,1.8315241161063212
2460,1.5469723840675724
2461,1.3066295638821857
2462,1.1036272106693126
2463,0.9321639841906629
2464,0.7873398598927569
2465,0.6650160974779222
2466,0.5616969652279555
2467,0.4744298400337137
2468,0.4007208282193024
2469,0.3384634957981414
2470,0.28587867143557744
2471,263.03484828332194
2472,237.10006084434892
2473,213.72239921548993
2474,192.64973515300525
2475,173.65479982798718
2476,156.5327327304549
2477,141.0988722473254
2478,127.18676408562823
2479,114.6463660617945
2480,103.3424298956608
2481,93.153042556824
2482,83.96831143175801
2483,75.68917913121024
2484,68.22635515556763
2485,61.49935289619545
2486,55.43562158680168
2487,49.96976384291654
2488,45.04283035064478
2489,40.60168409790407
2490,37.022369193749476
2491,26.833601058402643
2492,19.448840294182812
2493,14.096408005968396
2494,10.216995752192178
2495,7.405219979168859
2496,5.367261009980906
2497,3.890160026345976
2498,2.819565696998581
2499,2.043605061449997
2500,1.4811932389551088
2501,1.0735603725553835
2502,0.7781104066707017
2503,0.5639699642862985
2504,0.4087621986421954
2505,0.2962684994231011
2506,0.2147337108029619
2507,0.1556377631945257
2508,0.11280535897981205
2509,0.0
2510,0.0
2511,0.0
2512,0.0
2513,0.0
2514,0.0
2515,0.0
2516,0.0
2517,0.0
2518,0.0
2519,0.0
2520,0.0
2521,0.0
2522,0.0
2523,0.0
2524,0.0
2525,0.0
2526,0.0
2527,0.0
2528,0.0
2529,0.0
2530,0.0
2531,0.0
2532,0.0
2533,0.0
2534,0.0
2535,0.0
2536,0.0
2537,0.0
2538,0.0
2539,0.0
2540,0.0
2541,0.0
2542,0.0
2543,0.0
2544,0.0
2545,0.0
2546,0.0
2547,13.823901552745667
2548,12.307875102693318
2549,10.958106795357695
2550,9.756363591322721
2551,8.686412014748074
2552,7.733798867138165
2553,6.885655989584352
2554,6.130526436155355
2555,5.458209710338488
2556,4.859623973943238
2557,4.326683367147383
2558,3.8521887824912753
2559,3.429730617365541
2560,3.0536021913462026
2561,2.7187226587949023
2562,2.4205683754065728
2563,2.1551117915850715
2564,1.9187670472018379
2565,1.7083415328166411
2566,4.030415614599288
2567,2.885787558996472
2568,2.0662310371896417
2569,1.4794265384283618
2570,1.0592730644405877
2571,0.7584421368034602
2572,0.5430464477851946
2573,0.3888226011479334
2574,0.27839794511140276
2575,0.1993336179878174
2576,0.1427233640112298
2577,0.10219028200214052
2578,0.0731684949273991
2579,0.052388823526572606
2580,0.03751052735499979
2581,0.026857630458842246
2582,0.019230129905587263
2583,0.013768820624457374
2584,0.009858509657462098
2585,5.517175848251222
2586,3.41428914499991
2587,2.112923475034651
2588,1.3075768986614706
2589,0.8091903782199733
2590,0.5007652466742664
2591,0.30989719975213265
2592,0.19177903229511048
2593,0.11868192825706862
2594,0.073445985863258
2595,0.04545184695467409
2596,0.0281277508540407
2597,0.017406781486700978
2598,0.010772138991775414
2599,0.006666308676694976
2600,0.004125426844836355
2601,0.0025530090905622753
2602,0.0015799226750685873
2603,0.0009777308151480678
2604,286.6525607241185
2605,177.17475217221568
2606,109.50850300443473
2607,67.68522085255034
2608,41.835008206376344
2609,25.857460307919347
2610,15.982027546817074
2611,9.878201550559496
2612,6.105537334836443
2613,3.773721963080443
2614,2.332469146225804
2615,1.4416569030046884
2616,0.8910620015463502
2617,0.5507492725522677
2618,0.34040814296924543
2619,0.21040010323168085
2620,0.1300444902808964
2621,0.08037814237094766
2622,0.04968027293620301
2623,10.400436576804598
2624,7.812755077665926
2625,5.868901892034633
2626,4.408689262100598
2627,3.311784958637782
2628,2.4877960228554628
2629,1.8688197236940165
2630,1.40384787481859
2631,1.0545633859948222
2632,0.7921826538538406
2633,0.5950835818891161
2634,0.4470237611379426
2635,0.33580197656864175
2636,0.2522527374839256
2637,0.18949097387199976
2638,0.1423446561456918
2639,0.10692858197521397
2640,0.08032420712392228
2641,0.0603391359999737
2642,2.03826823641442
2643,1.2920735654558073
2644,0.819055151193677
2645,0.5192052206874456
2646,0.32912809448329133
2647,0.2086367745585761
2648,0.13225642060895526
2649,0.08383833976201517
2650,0.05314575414704039
2651,0.03368949327807834
2652,0.02135602317719471
2653,0.013537743716722719
2654,0.008581677563235326
2655,0.005439989952562424
2656,0.003448450546634524
2657,0.002185998738284892
2658,0.0013857210417144476
2659,0.0008784189907432215
2660,0.0005568364050701524
2661,113.99805708056158
2662,75.47221094154294
2663,49.96624302447009
2664,33.08006232802918
2665,21.900596430481787
2666,14.49925091599449
2667,9.599203281622321
2668,6.355135460154126
2669,4.207406128613898
2670,2.7855057444626783
2671,1.8441391240238427
2672,1.2209090272084313
2673,0.8083006500434541
2674,0.5351340077765939
2675,0.3542845180981168
2676,0.23455343510221394
2677,0.1552856845497615
2678,0.10280661127635914
2679,0.06806293415116123
2680,6.522625552679917
2681,5.497536879783993
2682,4.633550017625587
2683,3.905346382447853
2684,3.2915864313285463
2685,2.774284320489687
2686,2.3382808416209224
2687,1.9707991909518399
2688,1.6610705531692935
2689,1.4000185281553466
2690,1.1799931528727168
2691,0.9945467240787802
2692,0.8382448524957905
2693,0.7065072115003321
2694,0.59547331357395
2695,0.5018893811794772
2696,0.42301299688627725
2697,0.3565327385771491
2698,0.30050044469790954
2699,8.283181595714945
2700,5.715717796414712
2701,3.944067813888372
2702,2.7215603489570084
2703,1.8779826013469836
2704,1.2958811118458478
2705,0.8942084206926872
2706,0.6170386251704457
2707,0.42578067499890093
2708,0.29380524299016425
2709,0.20273705660486438
2710,0.13989646237245648
2711,0.0965340057317304
2712,0.06661222238632179
2713,0.04596502691057702
2714,0.03171765815944178
2715,0.021886419017579466
2716,0.015102481242628217
2717,0.010421300053733623
2718,195.47922154933326
2719,124.78472164710115
2720,79.65668490558619
2721,50.84907323904944
2722,32.45965172081733
2723,20.720711759749964
2724,13.22712577212549
2725,8.443573667748254
2726,5.389979464241183
2727,3.4407088477134433
2728,2.196386359776276
2729,1.4020695312877727
2730,0.8950151059787819
2731,0.5713354595149505
2732,0.36471362898638926
2733,0.23281599094400493
2734,0.14861875545994965
2735,0.09487120873830626
2736,0.06056130815799207
2737,2.3660547802943364
2738,1.3937079739119873
2739,0.82095390720591
2740,0.48357714124638507
2741,0.28484772346344805
2742,0.16778755371517579
2743,0.09883408173116591
2744,0.05821752266693484
2745,0.03429262341602057
2746,0.020199829310512937
2747,0.01189856778304211
2748,0.007008767901517115
2749,0.0041284655761130076
2750,0.002431843692449956
2751,0.0014324604712040731
2752,0.0008437807939436148
2753,0.0004970231587819407
2754,0.0002927680057885822
2755,0.00017245294046957732
2756,1.0
2757,0.0
2758,0.0
2759,0.0
2760,0.0
2761,0.0
2762,0.0
2763,0.0
2764,0.0
2765,0.0
2766,0.0
2767,0.0
2768,0.0
2769,0.0
2770,0.0
2771,0.0
2772,0.0
2773,0.0
2774,0.0
2775,0.0
2776,0.0
2777,0.0
2778,0.0
2779,0.0
2780,0.0
2781,0.0
2782,0.0
2783,0.0
2784,0.0
2785,0.0
2786,0.0
2787,0.0
2788,0.0
2789,0.0
2790,0.0
2791,0.0
2792,0.0
2793,0.0
2794,28.10315747272427
2795,20.231834906632177
2796,14.565165643273208
2797,10.4856554630368
2798,7.548762106958419
2799,5.434453720926282
2800,3.9123351387197407
2801,2.816541831743175
2802,2.0276657312530584
2803,1.45974338863393
2804,1.0508885798171703
2805,0.7565485932590155
2806,0.5446493424276942
2807,0.39210026804631165
2808,0.2822781709727294
2809,0.2032157901975682
2810,0.14629773617745187
2811,0.10532167598708297
2812,0.07582246808845532
2813,7.570405038518849
2814,4.913671996520285
2815,3.189284109177791
2816,2.070047234788392
2817,1.3435916674603763
2818,0.8720760273151408
2819,0.5660325349108993
2820,0.3673909390263268
2821,0.23845997138643846
2822,0.15477561342237203
2823,0.1004591687694631
2824,0.06520435853360805
2825,0.04232175543415087
2826,0.027469497795992948
2827,0.017829442598100972
2828,0.01157243666119549
2829,0.007511243805885762
2830,0.004875272612261485
2831,0.0031643604785191845
2832,3.640383661039654
2833,2.625923522684988
2834,1.8941614371000286
2835,1.3663183709662265
2836,0.9855685235034259
2837,0.7109216527871256
2838,0.5128102048196362
2839,0.36990617058318936
2840,0.266824984662006
2841,0.19246927491810592
2842,0.138834156907857
2843,0.10014545507337093
2844,0.07223807451439193
2845,0.052107600946280176
2846,0.03758685561082928
2847,0.027112584134621993
2848,0.01955716184583331
2849,0.014107197512600748
2850,0.01017596639166378
2851,0.0
2852,0.0
2853,0.0
2854,0.0
2855,0.0
2856,0.0
2857,0.0
2858,0.0
2859,0.0
2860,0.0
2861,0.0
2862,0.0
2863,0.0
2864,0.0
2865,0.0
2866,0.0
2867,0.0
2868,0.0
2869,0.0
2870,1.0
2871,1.0
2872,1.0
2873,0.0
2874,0.0
2875,0.0
2876,0.0
2877,0.0
2878,0.0
2879,0.0
2880,0.0
2881,0.0
2882,0.0
2883,0.0
2884,0.0
2885,0.0
2886,0.0
2887,0.0
2888,0.0
2889,0.0
2890,0.0
2891,0.0
2892,0.0
2893,0.0
2894,0.0
2895,0.0
2896,0.0
2897,0.0
2898,0.0
2899,0.0
2900,0.0
2901,0.0
2902,0.0
2903,0.0
2904,0.0
2905,0.0
2906,0.0
2907,0.0
2908,140.44708004819415
2909,136.36258744434303
2910,132.39688036330372
2911,128.54650427551815
2912,124.80810511631812
2913,121.17842636419779
2914,117.65430620405604
2915,114.23267477293766
2916,110.91055148587405
2917,107.6850424394941
2918,104.55333789114339
2919,101.51270981131587
2920,98.56050950726595
2921,95.69416531573071
2922,92.91118036275282
2923,90.20913038865213
2924,87.5856616362519
2925,85.03848880051964
2926,82.56539303783657
2927,0.0
2928,0.0
2929,0.0
2930,0.0
2931,0.0
2932,0.0
2933,0.0
2934,0.0
2935,0.0
2936,0.0
2937,0.0
2938,0.0
2939,0.0
2940,0.0
2941,0.0
2942,0.0
2943,0.0
2944,0.0
2945,0.0
2946,17.504254464812657
2947,14.80242864369384
2948,12.517636451875752
2949,10.58550769694691
2950,8.951607888031553
2951,7.569904635200475
2952,6.401470764000433
2953,5.413387607526584
2954,4.57781757812936
2955,3.871219890017318
2956,3.2736873370540858
2957,2.768385440574995
2958,2.341078166152612
2959,1.9797268471756388
2960,1.674151015584885
2961,1.4157415842405061
2962,1.1972183003141947
2963,1.012424636361967
2964,0.8561543404771387
2965,0.16254215462247426
2966,0.10994228975479872
2967,0.07436413713477898
2968,0.050299342538105
2969,0.03402209663483564
2970,0.023012290042423736
2971,0.015565339746122703
2972,0.010528278627010959
2973,0.007121248405489323
2974,0.004816758812079588
2975,0.003258019399500521
2976,0.002203699795161416
2977,0.0014905659517984984
2978,0.0010082075886830234
2979,0.000681944023108512
2980,0.0004612618034951451
2981,0.00031199401146410333
2982,0.0002110304006355635
2983,0.00014273937433421
2984,0.0
2985,0.0
2986,0.0
2987,0.0
2988,0.0
2989,0.0
2990,0.0
2991,0.0
2992,0.0
2993,0.0
2994,0.0
2995,0.0
2996,0.0
2997,0.0
2998,0.0
2999,0.0
3000,0.0
3001,0.0
3002,0.0
3003,1.0
3004,1.0
3005,0.0
3006,0.0
3007,0.0
3008,0.0
3009,0.0
3010,0.0
3011,0.0
3012,0.0
3013,0.0
3014,0.0
3015,0.0
3016,0.0
3017,0.0
3018,0.0
3019,0.0
3020,0.0
3021,0.0
3022,56.206768590948684
3023,55.19700785429184
3024,54.20538757955541
3025,53.231581871359694
3026,52.275270689071064
3027,51.33613974162086
3028,50.41388038421376
3029,49.50818951689193
3030,48.61876948492137
3031,47.745327980967886
3032,46.88757794903048
3033,46.04523749010055
3034,45.21802976951598
3035,44.40568292597958
3036,43.60792998221209
3037,42.824508757210204
3038,42.05516178008098
3039,41.2996362054242
3040,40.557683730234864
3041,69.42857461488865
3042,67.23947166483546
3043,65.11939176116505
3044,63.06615858734925
3045,61.07766444674679
3046,59.151868098998364
3047,57.28679266464104
3048,55.48052359579057
3049,53.73120671080883
3050,52.03704629093863
3051,50.39630323695235
3052,48.80729328392174
3053,47.26838527227676
3054,45.777999473378316
3055,44.33460596788621
3056,42.936723075257554
3057,41.58291583276369
3058,40.27179452246395
3059,39.00201324462456
3060,2.958823053727983
3061,2.8873479708381415
3062,2.8175994824020214
3063,2.749535879780932
3064,2.683116461874774
3065,2.618301510783336
3066,2.555052268055541
3067,2.4933309115124214
3068,2.433100532629975
3069,2.3743251144683746
3070,2.316969510134334
3071,2.260999421763747
3072,2.2063813800120333
3073,2.153082724039934
3074,2.1010715819827763
3075,2.0503168518915342
3076,2.0007881831342913
3077,1.9524559582469811
3078,1.9052912752225477
3079,12.167430057699177
3080,10.817097287232865
3081,9.616623491286934
3082,8.549377427003705
3083,7.600573575079113
3084,6.757067302669904
3085,6.007172758976348
3086,5.340500980644205
3087,4.74781596411451
3088,4.220906710962063
3089,3.7524734735516128
3090,3.336026625070574
3091,2.9657967528938722
3092,2.636654729723495
3093,2.3440406551763604
3094,2.0839006833844462
3095,1.852630861423105
3096,1.6470272005108426
3097,1.4642412882719738
3098,2.0
3099,1.0
3100,1.0
3101,1.0
3102,0.0
3103,0.0
3104,0.0
3105,0.0
3106,0.0
3107,0.0
3108,0.0
3109,0.0
3110,0.0
3111,0.0
3112,0.0
3113,0.0
3114,0.0
3115,0.0
3116,0.0
3117,0.0
3118,0.0
3119,0.0
3120,0.0
3121,0.0
3122,0.0
3123,0.0
3124,0.0
3125,0.0
3126,0.0
3127,0.0
3128,0.0
3129,0.0
3130,0.0
3131,0.0
3132,0.0
3133,0.0
3134,0.0
3135,0.0
3136,3.0789733377446704
3137,2.4348630191548146
3138,1.925498298205574
3139,1.5226908730494078
3140,1.20414933476115
3141,0.9522455582215024
3142,0.7530391596590829
3143,0.5955060342199591
3144,0.4709282807456263
3145,0.37241175212695826
3146,0.2945045324155957
3147,0.2328952271725321
3148,0.18417437040732282
3149,0.1456457443406738
3150,0.11517717040451723
3151,0.0910825142364736
3152,0.07202837481161145
3153,0.056960293877399745
3154,0.04504440211355032
3155,3.0243318501190455
3156,2.318644097492543
3157,1.7776192287315924
3158,1.362835342333717
3159,1.0448357782668325
3160,0.801037197697752
3161,0.6141257845896607
3162,0.4708276724000191
3163,0.3609662754117032
3164,0.2767395793038612
3165,0.21216606638924548
3166,0.16265992685368544
3167,0.12470538882266538
3168,0.09560703919042617
3169,0.07329840377433906
3170,0.05619519275317179
3171,0.043082789337244416
3172,0.033029991466176
3173,0.025322880738191306
3174,1.0
3175,1.0
3176,0.0
3177,0.0
3178,0.0
3179,0.0
3180,0.0
3181,0.0
3182,0.0
3183,0.0
3184,0.0
3185,0.0
3186,0.0
3187,0.0
3188,0.0
3189,0.0
3190,0.0
3191,0.0
3192,0.0
3193,1.0
3194,1.0
3195,0.0
3196,0.0
3197,0.0
3198,0.0
3199,0.0
3200,0.0
3201,0.0
3202,0.0
3203,0.0
3204,0.0
3205,0.0
3206,0.0
3207,0.0
3208,0.0
3209,0.0
3210,0.0
3211,0.0
3212,0.0
3213,0.0
3214,0.0
3215,0.0
3216,0.0
3217,0.0
3218,0.0
3219,0.0
3220,0.0
3221,0.0
3222,0.0
3223,0.0
3224,0.0
3225,0.0
3226,0.0
3227,0.0
3228,0.0
3229,0.0
3230,0.0
3231,190.3752379640139
3232,186.45002401771026
3233,182.60574131377314
3234,178.8407211874927
3235,175.15332937919018
3236,171.54196532484465
3237,168.00506146134586
3238,164.54108254607155
3239,161.1485249904937
3240,157.8259162075252
3241,154.5718139723226
3242,151.38480579626818
3243,148.26350831385977
3244,145.20656668224126
3245,142.21265399311443
3246,139.2804706967755
3247,136.40874403802766
3248,133.59622750372375
3249,130.84170028169973
3250,0.0
3251,0.0
3252,0.0
3253,0.0
3254,0.0
3255,0.0
3256,0.0
3257,0.0
3258,0.0
3259,0.0
3260,0.0
3261,0.0
3262,0.0
3263,0.0
3264,0.0
3265,0.0
3266,0.0
3267,0.0
3268,0.0
3269,3.7121493334688687
3270,2.9881416153938156
3271,2.4053424341376224
3272,1.93621085281147
3273,1.5585774454974857
3274,1.2545966520568805
3275,1.0099034628657295
3276,0.8129345815135746
3277,0.6543819861210979
3278,0.5267530666028659
3279,0.4240165515866992
3280,0.34131749280355844
3281,0.27474783816283815
3282,0.22116175164394067
3283,0.17802695270427019
3284,0.14330505005311034
3285,0.11535521480749285
3286,0.09285664097916417
3287,0.07474612906163414
3288,1.0
3289,0.0
3290,0.0
3291,0.0
3292,0.0
3293,0.0
3294,0.0
3295,0.0
3296,0.0
3297,0.0
3298,0.0
3299,0.0
3300,0.0
3301,0.0
3302,0.0
3303,0.0
3304,0.0
3305,0.0
3306,0.0
3307,0.0
3308,0.0
3309,0.0
3310,0.0
3311,0.0
3312,0.0
3313,0.0
3314,0.0
3315,0.0
3316,0.0
3317,0.0
3318,0.0
3319,0.0
3320,0.0
3321,0.0
3322,0.0
3323,0.0
3324,0.0
3325,0.0
3326,0.0
3327,0.0
3328,0.0
3329,0.0
3330,0.0
3331,0.0
3332,0.0
3333,0.0
3334,0.0
3335,0.0
3336,0.0
3337,0.0
3338,0.0
3339,0.0
3340,0.0
3341,0.0
3342,0.0
3343,0.0
3344,0.0
3345,0.0
3346,0.0
3347,0.0
3348,0.0
3349,0.0
3350,0.0
3351,0.0
3352,0.0
3353,0.0
3354,0.0
3355,0.0
3356,0.0
3357,0.0
3358,0.0
3359,0.0
3360,0.0
3361,0.0
3362,0.0
3363,0.0
3364,0.0
3365,0.0
3366,0.0
3367,0.0
3368,0.0
3369,0.0
3370,0.0
3371,0.0
3372,0.0
3373,0.0
3374,0.0
3375,0.0
3376,0.0
3377,0.0
3378,0.0
3379,0.0
3380,0.0
3381,0.0
3382,0.0
3383,0.0
3384,0.0
3385,0.0
3386,0.0
3387,0.0
3388,0.0
3389,0.0
3390,0.0
3391,0.0
3392,0.0
3393,0.0
3394,0.0
3395,0.0
3396,0.0
3397,0.0
3398,0.0
3399,0.0
3400,0.0
3401,0.0
3402,6.363693670793292
3403,5.141740320635913
3404,4.154425855881499
3405,3.356695032370316
3406,2.7121440919178
3407,2.191359508203644
3408,1.7705757258637778
3409,1.4305906398662502
3410,1.155889324007589
3411,0.9339360206352494
3412,0.7546020821577187
3413,0.6097037589464113
3414,0.4926287409788605
3415,0.39803441077316254
3416,0.32160403764655154
3417,0.25984978743334886
3418,0.20995355818064804
3419,0.16963837849596605
3420,0.1370644999213597
3421,3.1781730400439203
3422,2.8475625202594
3423,2.551343871029127
3424,2.285939466447577
3425,2.048143844347737
3426,1.835084991842993
3427,1.6441896581535473
3428,1.4731522757777389
3429,1.3199071146489738
3430,1.1826033329658485
3431,1.0595826233680659
3432,0.9493591844764184
3433,0.8506017759000687
3434,0.7621176399777301
3435,0.6828380960651346
3436,0.61180563338159
3437,0.5481623465275206
3438,0.4911395740011821
3439,0.44004861457216515
3440,0.0
3441,0.0
3442,0.0
3443,0.0
3444,0.0
3445,0.0
3446,0.0
3447,0.0
3448,0.0
3449,0.0
3450,0.0
3451,0.0
3452,0.0
3453,0.0
3454,0.0
3455,0.0
3456,0.0
3457,0.0
3458,0.0
3459,0.0
3460,0.0
3461,0.0
3462,0.0
3463,0.0
3464,0.0
3465,0.0
3466,0.0
3467,0.0
3468,0.0
3469,0.0
3470,0.0
3471,0.0
3472,0.0
3473,0.0
3474,0.0
3475,0.0
3476,0.0
3477,0.0
3478,10.930284987776641
3479,9.041714737132013
3480,7.479457807284471
3481,6.18713271955019
3482,5.118099770821072
3483,4.233777817842431
3484,3.502251892987037
3485,2.897121400712053
3486,2.39654732638468
3487,1.9824640714710595
3488,1.6399274704090552
3489,1.3565754592498813
3490,1.1221819317289636
3491,0.9282876815383896
3492,0.7678951115959028
3493,0.6352156924410276
3494,0.5254610555922792
3495,0.43467018247472833
3496,0.359566452207671
3497,0.0
3498,0.0
3499,0.0
3500,0.0
3501,0.0
3502,0.0
3503,0.0
3504,0.0
3505,0.0
3506,0.0
3507,0.0
3508,0.0
3509,0.0
3510,0.0
3511,0.0
3512,0.0
3513,0.0
3514,0.0
3515,0.0
3516,2.6502101343020454
3517,2.359225145243748
3518,2.1001894204197584
3519,1.8695950280690024
3520,1.6643191966378548
3521,1.4815820253641798
3522,1.3189088381102552
3523,1.174096670630005
3524,1.0451844374320773
3525,0.9304263742303562
3526,0.8282683963323985
3527,0.7373270528047128
3528,0.6563707914064935
3529,0.5843032805764874
3530,0.5201485626148288
3531,0.4630378370002255
3532,0.4121976948586015
3533,0.366939645251198
3534,0.32665079144429215
3535,5.6413995171331095
3536,5.453885027760567
3537,5.272603332860009
3538,5.097347260564025
3539,4.927916525191301
3540,4.764117498356669
3541,4.605762987689229
3542,4.452672022905655
3543,4.304669648994213
3544,4.161586726273144
3545,4.023259737094893
3546,3.8895305989753073
3547,3.760246483934226
3548,3.6352596438410165
3549,3.5144272415654423
3550,3.3976111877409125
3551,3.284677982953558
3552,3.1754985651767837
3553,3.0699481622769427
3554,1.0
3555,1.0
3556,0.0
3557,0.0
3558,0.0
3559,0.0
3560,0.0
3561,0.0
3562,0.0
3563,0.0
3564,0.0
3565,0.0
3566,0.0
3567,0.0
3568,0.0
3569,0.0
3570,0.0
3571,0.0
3572,0.0
3573,0.0
3574,0.0
3575,0.0
3576,0.0
3577,0.0
3578,0.0
3579,0.0
3580,0.0
3581,0.0
3582,0.0
3583,0.0
3584,0.0
3585,0.0
3586,0.0
3587,0.0
3588,0.0
3589,0.0
3590,0.0
3591,0.0
3592,1.4807555077741208
3593,1.2346785883937788
3594,1.0294955572575155
3595,0.8584105307857971
3596,0.7157569881378667
3597,0.5968100899219149
3598,0.49763018641181256
3599,0.4149323320935399
3600,0.3459774847221702
3601,0.28848178528467866
3602,0.2405409141229663
3603,0.20056701781020628
3604,0.16723611773053793
3605,0.13944425847747302
3606,0.11627094365861157
3607,0.0969486480610314
3608,0.08083739638734407
3609,0.06740356658270107
3610,0.056202215696050134
3611,1.1963737659363776
3612,0.8542004118228745
3613,0.6098916277951648
3614,0.43545729141110084
3615,0.310912699898183
3616,0.22198895015566
3617,0.1584981700887417
3618,0.11316630807012788
3619,0.08079975481769151
3620,0.05769031869939031
3621,0.04119038330186248
3622,0.029409573647792696
3623,0.020998178526438573
3624,0.014992515930651004
3625,0.010704525330509586
3626,0.007642937521730936
3627,0.005456990586457121
3628,0.003896243581216334
3629,0.0027818838613803366
3630,0.0
3631,0.0
3632,0.0
3633,0.0
3634,0.0
3635,0.0
3636,0.0
3637,0.0
3638,0.0
3639,0.0
3640,0.0
3641,0.0
3642,0.0
3643,0.0
3644,0.0
3645,0.0
3646,0.0
3647,0.0
3648,0.0
3649,0.0
3650,0.0
3651,0.0
3652,0.0
3653,0.0
3654,0.0
3655,0.0
3656,0.0
3657,0.0
3658,0.0
3659,0.0
3660,0.0
3661,0.0
3662,0.0
3663,0.0
3664,0.0
3665,0.0
3666,0.0
3667,0.0
3668,0.0
3669,0.0
3670,0.0
3671,0.0
3672,0.0
3673,0.0
3674,0.0
3675,0.0
3676,0.0
3677,0.0
3678,0.0
3679,0.0
3680,0.0
3681,0.0
3682,0.0
3683,0.0
3684,0.0
3685,0.0
3686,0.0
3687,1.0
3688,0.0
3689,0.0
3690,0.0
3691,0.0
3692,0.0
3693,0.0
3694,0.0
3695,0.0
3696,0.0
3697,0.0
3698,0.0
3699,0.0
3700,0.0
3701,0.0
3702,0.0
3703,0.0
3704,0.0
3705,0.0
3706,0.0
3707,0.0
3708,0.0
3709,0.0
3710,0.0
3711,0.0
3712,0.0
3713,0.0
3714,0.0
3715,0.0
3716,0.0
3717,0.0
3718,0.0
3719,0.0
3720,0.0
3721,0.0
3722,0.0
3723,0.0
3724,0.0
3725,1.0
3726,0.0
3727,0.0
3728,0.0
3729,0.0
3730,0.0
3731,0.0
3732,0.0
3733,0.0
3734,0.0
3735,0.0
3736,0.0
3737,0.0
3738,0.0
3739,0.0
3740,0.0
3741,0.0
3742,0.0
3743,0.0
3744,0.0
3745,0.0
3746,0.0
3747,0.0
3748,0.0
3749,0.0
3750,0.0
3751,0.0
3752,0.0
3753,0.0
3754,0.0
3755,0.0
3756,0.0
3757,0.0
3758,0.0
3759,0.0
3760,0.0
3761,0.0
3762,0.0
3763,0.0
3764,0.0
3765,0.0
3766,0.0
3767,0.0
3768,0.0
3769,0.0
3770,0.0
3771,0.0
3772,0.0
3773,0.0
3774,0.0
3775,0.0
3776,0.0
3777,0.0
3778,0.0
3779,0.0
3780,0.0
3781,0.0
3782,0.0
3783,0.0
3784,0.0
3785,0.0
3786,0.0
3787,0.0
3788,0.0
3789,0.0
3790,0.0
3791,0.0
3792,0.0
3793,0.0
3794,0.0
3795,0.0
3796,0.0
3797,0.0
3798,0.0
3799,0.0
3800,0.0
3801,0.0
3802,0.0
3803,0.0
3804,0.0
3805,0.0
3806,0.0
3807,0.0
3808,0.0
3809,0.0
3810,0.0
3811,0.0
3812,0.0
3813,0.0
3814,0.0
3815,0.0
3816,0.0
3817,0.0
3818,0.0
3819,0.0
3820,1.0
3821,0.0
3822,0.0
3823,0.0
3824,0.0
3825,0.0
3826,0.0
3827,0.0
3828,0.0
3829,0.0
3830,0.0
3831,0.0
3832,0.0
3833,0.0
3834,0.0
3835,0.0
3836,0.0
3837,0.0
3838,0.0
3839,0.0
3840,0.0
3841,0.0
3842,0.0
3843,0.0
3844,0.0
3845,0.0
3846,0.0
3847,0.0
3848,0.0
3849,0.0
3850,0.0
3851,0.0
3852,0.0
3853,0.0
3854,0.0
3855,0.0
3856,0.0
3857,0.0
3858,16.360162318898414
3859,14.148207870117668
3860,12.235317843077352
3861,10.581057621956043
3862,9.15045950052695
3863,7.913283535762959
3864,6.843378336767788
3865,5.918128277407586
3866,5.117975447839065
3867,4.4260062399589515
3868,3.8275938280295465
3869,3.310088987245927
3870,2.8625527147762426
3871,2.475525001426204
3872,2.140824866229664
3873,1.8513774271020544
3874,1.6010643521810235
3875,1.3845945306988652
3876,1.1973922296312884
3877,1.0
3878,1.0
3879,1.0
3880,0.0
3881,0.0
3882,0.0
3883,0.0
3884,0.0
3885,0.0
3886,0.0
3887,0.0
3888,0.0
3889,0.0
3890,0.0
3891,0.0
3892,0.0
3893,0.0
3894,0.0
3895,0.0
3896,0.0
3897,0.0
3898,0.0
3899,0.0
3900,0.0
3901,0.0
3902,0.0
3903,0.0
3904,0.0
3905,0.0
3906,0.0
3907,0.0
3908,0.0
3909,0.0
3910,0.0
3911,0.0
3912,0.0
3913,0.0
3914,0.0
3915,0.0
3916,0.0
3917,0.0
3918,0.0
3919,0.0
3920,0.0
3921,0.0
3922,0.0
3923,0.0
3924,0.0
3925,0.0
3926,0.0
3927,0.0
3928,0.0
3929,0.0
3930,0.0
3931,0.0
3932,0.0
3933,0.0
3934,3.0393308449071217
3935,2.5681026286313715
3936,2.169935241579434
3937,1.8335010836999837
3938,1.5492288246731778
3939,1.3090311058637838
3940,1.1060744602918493
3941,0.9345849049955355
3942,0.7896836750168211
3943,0.6672484257500939
3944,0.5637959549518294
3945,0.4763831079297235
3946,0.4025230467291529
3947,0.3401145012304297
3948,0.287381989397145
3949,0.24282530598101912
3950,0.20517684267015973
3951,0.17336552546704556
3952,0.1464863433383752
3953,0.0
3954,0.0
3955,0.0
3956,0.0
3957,0.0
3958,0.0
3959,0.0
3960,0.0
3961,0.0
3962,0.0
3963,0.0
3964,0.0
3965,0.0
3966,0.0
3967,0.0
3968,0.0
3969,0.0
3970,0.0
3971,0.0
3972,0.0
3973,0.0
3974,0.0
3975,0.0
3976,0.0
3977,0.0
3978,0.0
3979,0.0
3980,0.0
3981,0.0
3982,0.0
3983,0.0
3984,0.0
3985,0.0
3986,0.0
3987,0.0
3988,0.0
3989,0.0
3990,0.0
3991,2.189488335914935
3992,1.6041770375726627
3993,1.1753357739629378
3994,0.8611357407579682
3995,0.6309301396574
3996,0.4622649163042799
3997,0.3386886113284074
3998,0.24814769929037522
3999,0.18181089828083558
4000,0.13320777435459555
4001,0.09759762102432365
4002,0.07150705486791947
4003,0.05239122472677178
4004,0.03838558913440208
4005,0.02812405056150932
4006,0.02060570744965989
4007,0.015097227142738524
4008,0.011061317256700298
4009,0.008104318647164628
4010,0.0
4011,0.0
4012,0.0
4013,0.0
4014,0.0
4015,0.0
4016,0.0
4017,0.0
4018,0.0
4019,0.0
4020,0.0
4021,0.0
4022,0.0
4023,0.0
4024,0.0
4025,0.0
4026,0.0
4027,0.0
4028,0.0
4029,1.0
4030,0.0
4031,0.0
4032,0.0
4033,0.0
4034,0.0
4035,0.0
4036,0.0
4037,0.0
4038,0.0
4039,0.0
4040,0.0
4041,0.0
4042,0.0
4043,0.0
4044,0.0
4045,0.0
4046,0.0
4047,0.0
4048,1.0
4049,0.0
4050,0.0
4051,0.0
4052,0.0
4053,0.0
4054,0.0
4055,0.0
4056,0.0
4057,0.0
4058,0.0
4059,0.0
4060,0.0
4061,0.0
4062,0.0
4063,0.0
4064,0.0
4065,0.0
4066,0.0
4067,1.0
4068,1.0
4069,1.0
4070,0.0
4071,0.0
4072,0.0
4073,0.0
4074,0.0
4075,0.0
4076,0.0
4077,0.0
4078,0.0
4079,0.0
4080,0.0
4081,0.0
4082,0.0
4083,0.0
4084,0.0
4085,0.0
4086,1.0
4087,1.0
4088,0.0
4089,0.0
4090,0.0
4091,0.0
4092,0.0
4093,0.0
4094,0.0
4095,0.0
4096,0.0
4097,0.0
4098,0.0
4099,0.0
4100,0.0
4101,0.0
4102,0.0
4103,0.0
4104,0.0
4105,0.0
4106,0.0
4107,0.0
4108,0.0
4109,0.0
4110,0.0
4111,0.0
4112,0.0
4113,0.0
4114,0.0
4115,0.0
4116,0.0
4117,0.0
4118,0.0
4119,0.0
4120,0.0
4121,0.0
4122,0.0
4123,0.0
4124,0.0
4125,0.0
4126,0.0
4127,0.0
4128,0.0
4129,0.0
4130,0.0
4131,0.0
4132,0.0
4133,0.0
4134,0.0
4135,0.0
4136,0.0
4137,0.0
4138,0.0
4139,0.0
4140,0.0
4141,0.0
4142,0.0
4143,0.0
4144,0.0
4145,0.0
4146,0.0
4147,0.0
4148,0.0
4149,0.0
4150,0.0
4151,0.0
4152,0.0
4153,0.0
4154,0.0
4155,0.0
4156,0.0
4157,0.0
4158,0.0
4159,0.0
4160,0.0
4161,0.0
4162,0.0
4163,0.0
4164,0.0
4165,0.0
4166,0.0
4167,0.0
4168,0.0
4169,0.0
4170,0.0
4171,0.0
4172,0.0
4173,0.0
4174,0.0
4175,0.0
4176,0.0
4177,0.0
4178,0.0
4179,0.0
4180,0.0
4181,0.0
4182,0.0
4183,0.0
4184,0.0
4185,0.0
4186,0.0
4187,0.0
4188,0.0
4189,0.0
4190,0.0
4191,0.0
4192,0.0
4193,0.0
4194,0.0
4195,0.0
4196,0.0
4197,0.0
4198,0.0
4199,0.0
4200,0.0
4201,0.0
4202,0.0
4203,0.0
4204,0.0
4205,0.0
4206,0.0
4207,0.0
4208,0.0
4209,0.0
4210,0.0
4211,0.0
4212,0.0
4213,0.0
4214,0.0
4215,0.0
4216,0.0
4217,0.0
4218,0.0
4219,0.0
4220,0.0
4221,0.0
4222,0.0
4223,0.0
4224,0.0
4225,0.0
4226,0.0
4227,0.0
4228,0.0
4229,0.0
4230,0.0
4231,0.0
4232,0.0
4233,0.0
4234,0.0
4235,0.0
4236,0.0
4237,0.0
4238,0.0
4239,0.0
4240,0.0
4241,0.0
4242,0.0
4243,0.0
4244,0.0
4245,0.0
4246,0.0
4247,0.0
4248,0.0
4249,0.0
4250,0.0
4251,0.0
4252,0.0
4253,0.0
4254,0.0
4255,0.0
4256,0.0
