module_category,component_category,year,month
M1,P02,2010,1
M1,P02,2010,2
M1,P02,2010,3
M1,P02,2010,4
M1,P02,2010,5
M1,P02,2010,6
M1,P02,2010,7
M1,P02,2010,8
M1,P02,2010,9
M1,P02,2010,10
M1,P02,2010,11
M1,P02,2010,12
M1,P02,2011,1
M1,P02,2011,2
M1,P02,2011,3
M1,P02,2011,4
M1,P02,2011,5
M1,P02,2011,6
M1,P02,2011,7
M1,P04,2010,1
M1,P04,2010,2
M1,P04,2010,3
M1,P04,2010,4
M1,P04,2010,5
M1,P04,2010,6
M1,P04,2010,7
M1,P04,2010,8
M1,P04,2010,9
M1,P04,2010,10
M1,P04,2010,11
M1,P04,2010,12
M1,P04,2011,1
M1,P04,2011,2
M1,P04,2011,3
M1,P04,2011,4
M1,P04,2011,5
M1,P04,2011,6
M1,P04,2011,7
M1,P05,2010,1
M1,P05,2010,2
M1,P05,2010,3
M1,P05,2010,4
M1,P05,2010,5
M1,P05,2010,6
M1,P05,2010,7
M1,P05,2010,8
M1,P05,2010,9
M1,P05,2010,10
M1,P05,2010,11
M1,P05,2010,12
M1,P05,2011,1
M1,P05,2011,2
M1,P05,2011,3
M1,P05,2011,4
M1,P05,2011,5
M1,P05,2011,6
M1,P05,2011,7
M1,P06,2010,1
M1,P06,2010,2
M1,P06,2010,3
M1,P06,2010,4
M1,P06,2010,5
M1,P06,2010,6
M1,P06,2010,7
M1,P06,2010,8
M1,P06,2010,9
M1,P06,2010,10
M1,P06,2010,11
M1,P06,2010,12
M1,P06,2011,1
M1,P06,2011,2
M1,P06,2011,3
M1,P06,2011,4
M1,P06,2011,5
M1,P06,2011,6
M1,P06,2011,7
M1,P09,2010,1
M1,P09,2010,2
M1,P09,2010,3
M1,P09,2010,4
M1,P09,2010,5
M1,P09,2010,6
M1,P09,2010,7
M1,P09,2010,8
M1,P09,2010,9
M1,P09,2010,10
M1,P09,2010,11
M1,P09,2010,12
M1,P09,2011,1
M1,P09,2011,2
M1,P09,2011,3
M1,P09,2011,4
M1,P09,2011,5
M1,P09,2011,6
M1,P09,2011,7
M1,P10,2010,1
M1,P10,2010,2
M1,P10,2010,3
M1,P10,2010,4
M1,P10,2010,5
M1,P10,2010,6
M1,P10,2010,7
M1,P10,2010,8
M1,P10,2010,9
M1,P10,2010,10
M1,P10,2010,11
M1,P10,2010,12
M1,P10,2011,1
M1,P10,2011,2
M1,P10,2011,3
M1,P10,2011,4
M1,P10,2011,5
M1,P10,2011,6
M1,P10,2011,7
M1,P11,2010,1
M1,P11,2010,2
M1,P11,2010,3
M1,P11,2010,4
M1,P11,2010,5
M1,P11,2010,6
M1,P11,2010,7
M1,P11,2010,8
M1,P11,2010,9
M1,P11,2010,10
M1,P11,2010,11
M1,P11,2010,12
M1,P11,2011,1
M1,P11,2011,2
M1,P11,2011,3
M1,P11,2011,4
M1,P11,2011,5
M1,P11,2011,6
M1,P11,2011,7
M1,P12,2010,1
M1,P12,2010,2
M1,P12,2010,3
M1,P12,2010,4
M1,P12,2010,5
M1,P12,2010,6
M1,P12,2010,7
M1,P12,2010,8
M1,P12,2010,9
M1,P12,2010,10
M1,P12,2010,11
M1,P12,2010,12
M1,P12,2011,1
M1,P12,2011,2
M1,P12,2011,3
M1,P12,2011,4
M1,P12,2011,5
M1,P12,2011,6
M1,P12,2011,7
M1,P13,2010,1
M1,P13,2010,2
M1,P13,2010,3
M1,P13,2010,4
M1,P13,2010,5
M1,P13,2010,6
M1,P13,2010,7
M1,P13,2010,8
M1,P13,2010,9
M1,P13,2010,10
M1,P13,2010,11
M1,P13,2010,12
M1,P13,2011,1
M1,P13,2011,2
M1,P13,2011,3
M1,P13,2011,4
M1,P13,2011,5
M1,P13,2011,6
M1,P13,2011,7
M1,P15,2010,1
M1,P15,2010,2
M1,P15,2010,3
M1,P15,2010,4
M1,P15,2010,5
M1,P15,2010,6
M1,P15,2010,7
M1,P15,2010,8
M1,P15,2010,9
M1,P15,2010,10
M1,P15,2010,11
M1,P15,2010,12
M1,P15,2011,1
M1,P15,2011,2
M1,P15,2011,3
M1,P15,2011,4
M1,P15,2011,5
M1,P15,2011,6
M1,P15,2011,7
M1,P16,2010,1
M1,P16,2010,2
M1,P16,2010,3
M1,P16,2010,4
M1,P16,2010,5
M1,P16,2010,6
M1,P16,2010,7
M1,P16,2010,8
M1,P16,2010,9
M1,P16,2010,10
M1,P16,2010,11
M1,P16,2010,12
M1,P16,2011,1
M1,P16,2011,2
M1,P16,2011,3
M1,P16,2011,4
M1,P16,2011,5
M1,P16,2011,6
M1,P16,2011,7
M1,P17,2010,1
M1,P17,2010,2
M1,P17,2010,3
M1,P17,2010,4
M1,P17,2010,5
M1,P17,2010,6
M1,P17,2010,7
M1,P17,2010,8
M1,P17,2010,9
M1,P17,2010,10
M1,P17,2010,11
M1,P17,2010,12
M1,P17,2011,1
M1,P17,2011,2
M1,P17,2011,3
M1,P17,2011,4
M1,P17,2011,5
M1,P17,2011,6
M1,P17,2011,7
M1,P19,2010,1
M1,P19,2010,2
M1,P19,2010,3
M1,P19,2010,4
M1,P19,2010,5
M1,P19,2010,6
M1,P19,2010,7
M1,P19,2010,8
M1,P19,2010,9
M1,P19,2010,10
M1,P19,2010,11
M1,P19,2010,12
M1,P19,2011,1
M1,P19,2011,2
M1,P19,2011,3
M1,P19,2011,4
M1,P19,2011,5
M1,P19,2011,6
M1,P19,2011,7
M1,P20,2010,1
M1,P20,2010,2
M1,P20,2010,3
M1,P20,2010,4
M1,P20,2010,5
M1,P20,2010,6
M1,P20,2010,7
M1,P20,2010,8
M1,P20,2010,9
M1,P20,2010,10
M1,P20,2010,11
M1,P20,2010,12
M1,P20,2011,1
M1,P20,2011,2
M1,P20,2011,3
M1,P20,2011,4
M1,P20,2011,5
M1,P20,2011,6
M1,P20,2011,7
M1,P21,2010,1
M1,P21,2010,2
M1,P21,2010,3
M1,P21,2010,4
M1,P21,2010,5
M1,P21,2010,6
M1,P21,2010,7
M1,P21,2010,8
M1,P21,2010,9
M1,P21,2010,10
M1,P21,2010,11
M1,P21,2010,12
M1,P21,2011,1
M1,P21,2011,2
M1,P21,2011,3
M1,P21,2011,4
M1,P21,2011,5
M1,P21,2011,6
M1,P21,2011,7
M1,P22,2010,1
M1,P22,2010,2
M1,P22,2010,3
M1,P22,2010,4
M1,P22,2010,5
M1,P22,2010,6
M1,P22,2010,7
M1,P22,2010,8
M1,P22,2010,9
M1,P22,2010,10
M1,P22,2010,11
M1,P22,2010,12
M1,P22,2011,1
M1,P22,2011,2
M1,P22,2011,3
M1,P22,2011,4
M1,P22,2011,5
M1,P22,2011,6
M1,P22,2011,7
M1,P24,2010,1
M1,P24,2010,2
M1,P24,2010,3
M1,P24,2010,4
M1,P24,2010,5
M1,P24,2010,6
M1,P24,2010,7
M1,P24,2010,8
M1,P24,2010,9
M1,P24,2010,10
M1,P24,2010,11
M1,P24,2010,12
M1,P24,2011,1
M1,P24,2011,2
M1,P24,2011,3
M1,P24,2011,4
M1,P24,2011,5
M1,P24,2011,6
M1,P24,2011,7
M1,P25,2010,1
M1,P25,2010,2
M1,P25,2010,3
M1,P25,2010,4
M1,P25,2010,5
M1,P25,2010,6
M1,P25,2010,7
M1,P25,2010,8
M1,P25,2010,9
M1,P25,2010,10
M1,P25,2010,11
M1,P25,2010,12
M1,P25,2011,1
M1,P25,2011,2
M1,P25,2011,3
M1,P25,2011,4
M1,P25,2011,5
M1,P25,2011,6
M1,P25,2011,7
M1,P26,2010,1
M1,P26,2010,2
M1,P26,2010,3
M1,P26,2010,4
M1,P26,2010,5
M1,P26,2010,6
M1,P26,2010,7
M1,P26,2010,8
M1,P26,2010,9
M1,P26,2010,10
M1,P26,2010,11
M1,P26,2010,12
M1,P26,2011,1
M1,P26,2011,2
M1,P26,2011,3
M1,P26,2011,4
M1,P26,2011,5
M1,P26,2011,6
M1,P26,2011,7
M1,P27,2010,1
M1,P27,2010,2
M1,P27,2010,3
M1,P27,2010,4
M1,P27,2010,5
M1,P27,2010,6
M1,P27,2010,7
M1,P27,2010,8
M1,P27,2010,9
M1,P27,2010,10
M1,P27,2010,11
M1,P27,2010,12
M1,P27,2011,1
M1,P27,2011,2
M1,P27,2011,3
M1,P27,2011,4
M1,P27,2011,5
M1,P27,2011,6
M1,P27,2011,7
M1,P28,2010,1
M1,P28,2010,2
M1,P28,2010,3
M1,P28,2010,4
M1,P28,2010,5
M1,P28,2010,6
M1,P28,2010,7
M1,P28,2010,8
M1,P28,2010,9
M1,P28,2010,10
M1,P28,2010,11
M1,P28,2010,12
M1,P28,2011,1
M1,P28,2011,2
M1,P28,2011,3
M1,P28,2011,4
M1,P28,2011,5
M1,P28,2011,6
M1,P28,2011,7
M1,P30,2010,1
M1,P30,2010,2
M1,P30,2010,3
M1,P30,2010,4
M1,P30,2010,5
M1,P30,2010,6
M1,P30,2010,7
M1,P30,2010,8
M1,P30,2010,9
M1,P30,2010,10
M1,P30,2010,11
M1,P30,2010,12
M1,P30,2011,1
M1,P30,2011,2
M1,P30,2011,3
M1,P30,2011,4
M1,P30,2011,5
M1,P30,2011,6
M1,P30,2011,7
M1,P31,2010,1
M1,P31,2010,2
M1,P31,2010,3
M1,P31,2010,4
M1,P31,2010,5
M1,P31,2010,6
M1,P31,2010,7
M1,P31,2010,8
M1,P31,2010,9
M1,P31,2010,10
M1,P31,2010,11
M1,P31,2010,12
M1,P31,2011,1
M1,P31,2011,2
M1,P31,2011,3
M1,P31,2011,4
M1,P31,2011,5
M1,P31,2011,6
M1,P31,2011,7
M2,P01,2010,1
M2,P01,2010,2
M2,P01,2010,3
M2,P01,2010,4
M2,P01,2010,5
M2,P01,2010,6
M2,P01,2010,7
M2,P01,2010,8
M2,P01,2010,9
M2,P01,2010,10
M2,P01,2010,11
M2,P01,2010,12
M2,P01,2011,1
M2,P01,2011,2
M2,P01,2011,3
M2,P01,2011,4
M2,P01,2011,5
M2,P01,2011,6
M2,P01,2011,7
M2,P02,2010,1
M2,P02,2010,2
M2,P02,2010,3
M2,P02,2010,4
M2,P02,2010,5
M2,P02,2010,6
M2,P02,2010,7
M2,P02,2010,8
M2,P02,2010,9
M2,P02,2010,10
M2,P02,2010,11
M2,P02,2010,12
M2,P02,2011,1
M2,P02,2011,2
M2,P02,2011,3
M2,P02,2011,4
M2,P02,2011,5
M2,P02,2011,6
M2,P02,2011,7
M2,P04,2010,1
M2,P04,2010,2
M2,P04,2010,3
M2,P04,2010,4
M2,P04,2010,5
M2,P04,2010,6
M2,P04,2010,7
M2,P04,2010,8
M2,P04,2010,9
M2,P04,2010,10
M2,P04,2010,11
M2,P04,2010,12
M2,P04,2011,1
M2,P04,2011,2
M2,P04,2011,3
M2,P04,2011,4
M2,P04,2011,5
M2,P04,2011,6
M2,P04,2011,7
M2,P05,2010,1
M2,P05,2010,2
M2,P05,2010,3
M2,P05,2010,4
M2,P05,2010,5
M2,P05,2010,6
M2,P05,2010,7
M2,P05,2010,8
M2,P05,2010,9
M2,P05,2010,10
M2,P05,2010,11
M2,P05,2010,12
M2,P05,2011,1
M2,P05,2011,2
M2,P05,2011,3
M2,P05,2011,4
M2,P05,2011,5
M2,P05,2011,6
M2,P05,2011,7
M2,P06,2010,1
M2,P06,2010,2
M2,P06,2010,3
M2,P06,2010,4
M2,P06,2010,5
M2,P06,2010,6
M2,P06,2010,7
M2,P06,2010,8
M2,P06,2010,9
M2,P06,2010,10
M2,P06,2010,11
M2,P06,2010,12
M2,P06,2011,1
M2,P06,2011,2
M2,P06,2011,3
M2,P06,2011,4
M2,P06,2011,5
M2,P06,2011,6
M2,P06,2011,7
M2,P07,2010,1
M2,P07,2010,2
M2,P07,2010,3
M2,P07,2010,4
M2,P07,2010,5
M2,P07,2010,6
M2,P07,2010,7
M2,P07,2010,8
M2,P07,2010,9
M2,P07,2010,10
M2,P07,2010,11
M2,P07,2010,12
M2,P07,2011,1
M2,P07,2011,2
M2,P07,2011,3
M2,P07,2011,4
M2,P07,2011,5
M2,P07,2011,6
M2,P07,2011,7
M2,P08,2010,1
M2,P08,2010,2
M2,P08,2010,3
M2,P08,2010,4
M2,P08,2010,5
M2,P08,2010,6
M2,P08,2010,7
M2,P08,2010,8
M2,P08,2010,9
M2,P08,2010,10
M2,P08,2010,11
M2,P08,2010,12
M2,P08,2011,1
M2,P08,2011,2
M2,P08,2011,3
M2,P08,2011,4
M2,P08,2011,5
M2,P08,2011,6
M2,P08,2011,7
M2,P09,2010,1
M2,P09,2010,2
M2,P09,2010,3
M2,P09,2010,4
M2,P09,2010,5
M2,P09,2010,6
M2,P09,2010,7
M2,P09,2010,8
M2,P09,2010,9
M2,P09,2010,10
M2,P09,2010,11
M2,P09,2010,12
M2,P09,2011,1
M2,P09,2011,2
M2,P09,2011,3
M2,P09,2011,4
M2,P09,2011,5
M2,P09,2011,6
M2,P09,2011,7
M2,P10,2010,1
M2,P10,2010,2
M2,P10,2010,3
M2,P10,2010,4
M2,P10,2010,5
M2,P10,2010,6
M2,P10,2010,7
M2,P10,2010,8
M2,P10,2010,9
M2,P10,2010,10
M2,P10,2010,11
M2,P10,2010,12
M2,P10,2011,1
M2,P10,2011,2
M2,P10,2011,3
M2,P10,2011,4
M2,P10,2011,5
M2,P10,2011,6
M2,P10,2011,7
M2,P11,2010,1
M2,P11,2010,2
M2,P11,2010,3
M2,P11,2010,4
M2,P11,2010,5
M2,P11,2010,6
M2,P11,2010,7
M2,P11,2010,8
M2,P11,2010,9
M2,P11,2010,10
M2,P11,2010,11
M2,P11,2010,12
M2,P11,2011,1
M2,P11,2011,2
M2,P11,2011,3
M2,P11,2011,4
M2,P11,2011,5
M2,P11,2011,6
M2,P11,2011,7
M2,P12,2010,1
M2,P12,2010,2
M2,P12,2010,3
M2,P12,2010,4
M2,P12,2010,5
M2,P12,2010,6
M2,P12,2010,7
M2,P12,2010,8
M2,P12,2010,9
M2,P12,2010,10
M2,P12,2010,11
M2,P12,2010,12
M2,P12,2011,1
M2,P12,2011,2
M2,P12,2011,3
M2,P12,2011,4
M2,P12,2011,5
M2,P12,2011,6
M2,P12,2011,7
M2,P13,2010,1
M2,P13,2010,2
M2,P13,2010,3
M2,P13,2010,4
M2,P13,2010,5
M2,P13,2010,6
M2,P13,2010,7
M2,P13,2010,8
M2,P13,2010,9
M2,P13,2010,10
M2,P13,2010,11
M2,P13,2010,12
M2,P13,2011,1
M2,P13,2011,2
M2,P13,2011,3
M2,P13,2011,4
M2,P13,2011,5
M2,P13,2011,6
M2,P13,2011,7
M2,P14,2010,1
M2,P14,2010,2
M2,P14,2010,3
M2,P14,2010,4
M2,P14,2010,5
M2,P14,2010,6
M2,P14,2010,7
M2,P14,2010,8
M2,P14,2010,9
M2,P14,2010,10
M2,P14,2010,11
M2,P14,2010,12
M2,P14,2011,1
M2,P14,2011,2
M2,P14,2011,3
M2,P14,2011,4
M2,P14,2011,5
M2,P14,2011,6
M2,P14,2011,7
M2,P15,2010,1
M2,P15,2010,2
M2,P15,2010,3
M2,P15,2010,4
M2,P15,2010,5
M2,P15,2010,6
M2,P15,2010,7
M2,P15,2010,8
M2,P15,2010,9
M2,P15,2010,10
M2,P15,2010,11
M2,P15,2010,12
M2,P15,2011,1
M2,P15,2011,2
M2,P15,2011,3
M2,P15,2011,4
M2,P15,2011,5
M2,P15,2011,6
M2,P15,2011,7
M2,P16,2010,1
M2,P16,2010,2
M2,P16,2010,3
M2,P16,2010,4
M2,P16,2010,5
M2,P16,2010,6
M2,P16,2010,7
M2,P16,2010,8
M2,P16,2010,9
M2,P16,2010,10
M2,P16,2010,11
M2,P16,2010,12
M2,P16,2011,1
M2,P16,2011,2
M2,P16,2011,3
M2,P16,2011,4
M2,P16,2011,5
M2,P16,2011,6
M2,P16,2011,7
M2,P17,2010,1
M2,P17,2010,2
M2,P17,2010,3
M2,P17,2010,4
M2,P17,2010,5
M2,P17,2010,6
M2,P17,2010,7
M2,P17,2010,8
M2,P17,2010,9
M2,P17,2010,10
M2,P17,2010,11
M2,P17,2010,12
M2,P17,2011,1
M2,P17,2011,2
M2,P17,2011,3
M2,P17,2011,4
M2,P17,2011,5
M2,P17,2011,6
M2,P17,2011,7
M2,P19,2010,1
M2,P19,2010,2
M2,P19,2010,3
M2,P19,2010,4
M2,P19,2010,5
M2,P19,2010,6
M2,P19,2010,7
M2,P19,2010,8
M2,P19,2010,9
M2,P19,2010,10
M2,P19,2010,11
M2,P19,2010,12
M2,P19,2011,1
M2,P19,2011,2
M2,P19,2011,3
M2,P19,2011,4
M2,P19,2011,5
M2,P19,2011,6
M2,P19,2011,7
M2,P20,2010,1
M2,P20,2010,2
M2,P20,2010,3
M2,P20,2010,4
M2,P20,2010,5
M2,P20,2010,6
M2,P20,2010,7
M2,P20,2010,8
M2,P20,2010,9
M2,P20,2010,10
M2,P20,2010,11
M2,P20,2010,12
M2,P20,2011,1
M2,P20,2011,2
M2,P20,2011,3
M2,P20,2011,4
M2,P20,2011,5
M2,P20,2011,6
M2,P20,2011,7
M2,P21,2010,1
M2,P21,2010,2
M2,P21,2010,3
M2,P21,2010,4
M2,P21,2010,5
M2,P21,2010,6
M2,P21,2010,7
M2,P21,2010,8
M2,P21,2010,9
M2,P21,2010,10
M2,P21,2010,11
M2,P21,2010,12
M2,P21,2011,1
M2,P21,2011,2
M2,P21,2011,3
M2,P21,2011,4
M2,P21,2011,5
M2,P21,2011,6
M2,P21,2011,7
M2,P22,2010,1
M2,P22,2010,2
M2,P22,2010,3
M2,P22,2010,4
M2,P22,2010,5
M2,P22,2010,6
M2,P22,2010,7
M2,P22,2010,8
M2,P22,2010,9
M2,P22,2010,10
M2,P22,2010,11
M2,P22,2010,12
M2,P22,2011,1
M2,P22,2011,2
M2,P22,2011,3
M2,P22,2011,4
M2,P22,2011,5
M2,P22,2011,6
M2,P22,2011,7
M2,P24,2010,1
M2,P24,2010,2
M2,P24,2010,3
M2,P24,2010,4
M2,P24,2010,5
M2,P24,2010,6
M2,P24,2010,7
M2,P24,2010,8
M2,P24,2010,9
M2,P24,2010,10
M2,P24,2010,11
M2,P24,2010,12
M2,P24,2011,1
M2,P24,2011,2
M2,P24,2011,3
M2,P24,2011,4
M2,P24,2011,5
M2,P24,2011,6
M2,P24,2011,7
M2,P25,2010,1
M2,P25,2010,2
M2,P25,2010,3
M2,P25,2010,4
M2,P25,2010,5
M2,P25,2010,6
M2,P25,2010,7
M2,P25,2010,8
M2,P25,2010,9
M2,P25,2010,10
M2,P25,2010,11
M2,P25,2010,12
M2,P25,2011,1
M2,P25,2011,2
M2,P25,2011,3
M2,P25,2011,4
M2,P25,2011,5
M2,P25,2011,6
M2,P25,2011,7
M2,P26,2010,1
M2,P26,2010,2
M2,P26,2010,3
M2,P26,2010,4
M2,P26,2010,5
M2,P26,2010,6
M2,P26,2010,7
M2,P26,2010,8
M2,P26,2010,9
M2,P26,2010,10
M2,P26,2010,11
M2,P26,2010,12
M2,P26,2011,1
M2,P26,2011,2
M2,P26,2011,3
M2,P26,2011,4
M2,P26,2011,5
M2,P26,2011,6
M2,P26,2011,7
M2,P27,2010,1
M2,P27,2010,2
M2,P27,2010,3
M2,P27,2010,4
M2,P27,2010,5
M2,P27,2010,6
M2,P27,2010,7
M2,P27,2010,8
M2,P27,2010,9
M2,P27,2010,10
M2,P27,2010,11
M2,P27,2010,12
M2,P27,2011,1
M2,P27,2011,2
M2,P27,2011,3
M2,P27,2011,4
M2,P27,2011,5
M2,P27,2011,6
M2,P27,2011,7
M2,P28,2010,1
M2,P28,2010,2
M2,P28,2010,3
M2,P28,2010,4
M2,P28,2010,5
M2,P28,2010,6
M2,P28,2010,7
M2,P28,2010,8
M2,P28,2010,9
M2,P28,2010,10
M2,P28,2010,11
M2,P28,2010,12
M2,P28,2011,1
M2,P28,2011,2
M2,P28,2011,3
M2,P28,2011,4
M2,P28,2011,5
M2,P28,2011,6
M2,P28,2011,7
M2,P29,2010,1
M2,P29,2010,2
M2,P29,2010,3
M2,P29,2010,4
M2,P29,2010,5
M2,P29,2010,6
M2,P29,2010,7
M2,P29,2010,8
M2,P29,2010,9
M2,P29,2010,10
M2,P29,2010,11
M2,P29,2010,12
M2,P29,2011,1
M2,P29,2011,2
M2,P29,2011,3
M2,P29,2011,4
M2,P29,2011,5
M2,P29,2011,6
M2,P29,2011,7
M2,P30,2010,1
M2,P30,2010,2
M2,P30,2010,3
M2,P30,2010,4
M2,P30,2010,5
M2,P30,2010,6
M2,P30,2010,7
M2,P30,2010,8
M2,P30,2010,9
M2,P30,2010,10
M2,P30,2010,11
M2,P30,2010,12
M2,P30,2011,1
M2,P30,2011,2
M2,P30,2011,3
M2,P30,2011,4
M2,P30,2011,5
M2,P30,2011,6
M2,P30,2011,7
M2,P31,2010,1
M2,P31,2010,2
M2,P31,2010,3
M2,P31,2010,4
M2,P31,2010,5
M2,P31,2010,6
M2,P31,2010,7
M2,P31,2010,8
M2,P31,2010,9
M2,P31,2010,10
M2,P31,2010,11
M2,P31,2010,12
M2,P31,2011,1
M2,P31,2011,2
M2,P31,2011,3
M2,P31,2011,4
M2,P31,2011,5
M2,P31,2011,6
M2,P31,2011,7
M3,P01,2010,1
M3,P01,2010,2
M3,P01,2010,3
M3,P01,2010,4
M3,P01,2010,5
M3,P01,2010,6
M3,P01,2010,7
M3,P01,2010,8
M3,P01,2010,9
M3,P01,2010,10
M3,P01,2010,11
M3,P01,2010,12
M3,P01,2011,1
M3,P01,2011,2
M3,P01,2011,3
M3,P01,2011,4
M3,P01,2011,5
M3,P01,2011,6
M3,P01,2011,7
M3,P02,2010,1
M3,P02,2010,2
M3,P02,2010,3
M3,P02,2010,4
M3,P02,2010,5
M3,P02,2010,6
M3,P02,2010,7
M3,P02,2010,8
M3,P02,2010,9
M3,P02,2010,10
M3,P02,2010,11
M3,P02,2010,12
M3,P02,2011,1
M3,P02,2011,2
M3,P02,2011,3
M3,P02,2011,4
M3,P02,2011,5
M3,P02,2011,6
M3,P02,2011,7
M3,P03,2010,1
M3,P03,2010,2
M3,P03,2010,3
M3,P03,2010,4
M3,P03,2010,5
M3,P03,2010,6
M3,P03,2010,7
M3,P03,2010,8
M3,P03,2010,9
M3,P03,2010,10
M3,P03,2010,11
M3,P03,2010,12
M3,P03,2011,1
M3,P03,2011,2
M3,P03,2011,3
M3,P03,2011,4
M3,P03,2011,5
M3,P03,2011,6
M3,P03,2011,7
M3,P04,2010,1
M3,P04,2010,2
M3,P04,2010,3
M3,P04,2010,4
M3,P04,2010,5
M3,P04,2010,6
M3,P04,2010,7
M3,P04,2010,8
M3,P04,2010,9
M3,P04,2010,10
M3,P04,2010,11
M3,P04,2010,12
M3,P04,2011,1
M3,P04,2011,2
M3,P04,2011,3
M3,P04,2011,4
M3,P04,2011,5
M3,P04,2011,6
M3,P04,2011,7
M3,P05,2010,1
M3,P05,2010,2
M3,P05,2010,3
M3,P05,2010,4
M3,P05,2010,5
M3,P05,2010,6
M3,P05,2010,7
M3,P05,2010,8
M3,P05,2010,9
M3,P05,2010,10
M3,P05,2010,11
M3,P05,2010,12
M3,P05,2011,1
M3,P05,2011,2
M3,P05,2011,3
M3,P05,2011,4
M3,P05,2011,5
M3,P05,2011,6
M3,P05,2011,7
M3,P06,2010,1
M3,P06,2010,2
M3,P06,2010,3
M3,P06,2010,4
M3,P06,2010,5
M3,P06,2010,6
M3,P06,2010,7
M3,P06,2010,8
M3,P06,2010,9
M3,P06,2010,10
M3,P06,2010,11
M3,P06,2010,12
M3,P06,2011,1
M3,P06,2011,2
M3,P06,2011,3
M3,P06,2011,4
M3,P06,2011,5
M3,P06,2011,6
M3,P06,2011,7
M3,P09,2010,1
M3,P09,2010,2
M3,P09,2010,3
M3,P09,2010,4
M3,P09,2010,5
M3,P09,2010,6
M3,P09,2010,7
M3,P09,2010,8
M3,P09,2010,9
M3,P09,2010,10
M3,P09,2010,11
M3,P09,2010,12
M3,P09,2011,1
M3,P09,2011,2
M3,P09,2011,3
M3,P09,2011,4
M3,P09,2011,5
M3,P09,2011,6
M3,P09,2011,7
M3,P10,2010,1
M3,P10,2010,2
M3,P10,2010,3
M3,P10,2010,4
M3,P10,2010,5
M3,P10,2010,6
M3,P10,2010,7
M3,P10,2010,8
M3,P10,2010,9
M3,P10,2010,10
M3,P10,2010,11
M3,P10,2010,12
M3,P10,2011,1
M3,P10,2011,2
M3,P10,2011,3
M3,P10,2011,4
M3,P10,2011,5
M3,P10,2011,6
M3,P10,2011,7
M3,P11,2010,1
M3,P11,2010,2
M3,P11,2010,3
M3,P11,2010,4
M3,P11,2010,5
M3,P11,2010,6
M3,P11,2010,7
M3,P11,2010,8
M3,P11,2010,9
M3,P11,2010,10
M3,P11,2010,11
M3,P11,2010,12
M3,P11,2011,1
M3,P11,2011,2
M3,P11,2011,3
M3,P11,2011,4
M3,P11,2011,5
M3,P11,2011,6
M3,P11,2011,7
M3,P12,2010,1
M3,P12,2010,2
M3,P12,2010,3
M3,P12,2010,4
M3,P12,2010,5
M3,P12,2010,6
M3,P12,2010,7
M3,P12,2010,8
M3,P12,2010,9
M3,P12,2010,10
M3,P12,2010,11
M3,P12,2010,12
M3,P12,2011,1
M3,P12,2011,2
M3,P12,2011,3
M3,P12,2011,4
M3,P12,2011,5
M3,P12,2011,6
M3,P12,2011,7
M3,P13,2010,1
M3,P13,2010,2
M3,P13,2010,3
M3,P13,2010,4
M3,P13,2010,5
M3,P13,2010,6
M3,P13,2010,7
M3,P13,2010,8
M3,P13,2010,9
M3,P13,2010,10
M3,P13,2010,11
M3,P13,2010,12
M3,P13,2011,1
M3,P13,2011,2
M3,P13,2011,3
M3,P13,2011,4
M3,P13,2011,5
M3,P13,2011,6
M3,P13,2011,7
M3,P15,2010,1
M3,P15,2010,2
M3,P15,2010,3
M3,P15,2010,4
M3,P15,2010,5
M3,P15,2010,6
M3,P15,2010,7
M3,P15,2010,8
M3,P15,2010,9
M3,P15,2010,10
M3,P15,2010,11
M3,P15,2010,12
M3,P15,2011,1
M3,P15,2011,2
M3,P15,2011,3
M3,P15,2011,4
M3,P15,2011,5
M3,P15,2011,6
M3,P15,2011,7
M3,P16,2010,1
M3,P16,2010,2
M3,P16,2010,3
M3,P16,2010,4
M3,P16,2010,5
M3,P16,2010,6
M3,P16,2010,7
M3,P16,2010,8
M3,P16,2010,9
M3,P16,2010,10
M3,P16,2010,11
M3,P16,2010,12
M3,P16,2011,1
M3,P16,2011,2
M3,P16,2011,3
M3,P16,2011,4
M3,P16,2011,5
M3,P16,2011,6
M3,P16,2011,7
M3,P17,2010,1
M3,P17,2010,2
M3,P17,2010,3
M3,P17,2010,4
M3,P17,2010,5
M3,P17,2010,6
M3,P17,2010,7
M3,P17,2010,8
M3,P17,2010,9
M3,P17,2010,10
M3,P17,2010,11
M3,P17,2010,12
M3,P17,2011,1
M3,P17,2011,2
M3,P17,2011,3
M3,P17,2011,4
M3,P17,2011,5
M3,P17,2011,6
M3,P17,2011,7
M3,P18,2010,1
M3,P18,2010,2
M3,P18,2010,3
M3,P18,2010,4
M3,P18,2010,5
M3,P18,2010,6
M3,P18,2010,7
M3,P18,2010,8
M3,P18,2010,9
M3,P18,2010,10
M3,P18,2010,11
M3,P18,2010,12
M3,P18,2011,1
M3,P18,2011,2
M3,P18,2011,3
M3,P18,2011,4
M3,P18,2011,5
M3,P18,2011,6
M3,P18,2011,7
M3,P19,2010,1
M3,P19,2010,2
M3,P19,2010,3
M3,P19,2010,4
M3,P19,2010,5
M3,P19,2010,6
M3,P19,2010,7
M3,P19,2010,8
M3,P19,2010,9
M3,P19,2010,10
M3,P19,2010,11
M3,P19,2010,12
M3,P19,2011,1
M3,P19,2011,2
M3,P19,2011,3
M3,P19,2011,4
M3,P19,2011,5
M3,P19,2011,6
M3,P19,2011,7
M3,P20,2010,1
M3,P20,2010,2
M3,P20,2010,3
M3,P20,2010,4
M3,P20,2010,5
M3,P20,2010,6
M3,P20,2010,7
M3,P20,2010,8
M3,P20,2010,9
M3,P20,2010,10
M3,P20,2010,11
M3,P20,2010,12
M3,P20,2011,1
M3,P20,2011,2
M3,P20,2011,3
M3,P20,2011,4
M3,P20,2011,5
M3,P20,2011,6
M3,P20,2011,7
M3,P21,2010,1
M3,P21,2010,2
M3,P21,2010,3
M3,P21,2010,4
M3,P21,2010,5
M3,P21,2010,6
M3,P21,2010,7
M3,P21,2010,8
M3,P21,2010,9
M3,P21,2010,10
M3,P21,2010,11
M3,P21,2010,12
M3,P21,2011,1
M3,P21,2011,2
M3,P21,2011,3
M3,P21,2011,4
M3,P21,2011,5
M3,P21,2011,6
M3,P21,2011,7
M3,P22,2010,1
M3,P22,2010,2
M3,P22,2010,3
M3,P22,2010,4
M3,P22,2010,5
M3,P22,2010,6
M3,P22,2010,7
M3,P22,2010,8
M3,P22,2010,9
M3,P22,2010,10
M3,P22,2010,11
M3,P22,2010,12
M3,P22,2011,1
M3,P22,2011,2
M3,P22,2011,3
M3,P22,2011,4
M3,P22,2011,5
M3,P22,2011,6
M3,P22,2011,7
M3,P23,2010,1
M3,P23,2010,2
M3,P23,2010,3
M3,P23,2010,4
M3,P23,2010,5
M3,P23,2010,6
M3,P23,2010,7
M3,P23,2010,8
M3,P23,2010,9
M3,P23,2010,10
M3,P23,2010,11
M3,P23,2010,12
M3,P23,2011,1
M3,P23,2011,2
M3,P23,2011,3
M3,P23,2011,4
M3,P23,2011,5
M3,P23,2011,6
M3,P23,2011,7
M3,P24,2010,1
M3,P24,2010,2
M3,P24,2010,3
M3,P24,2010,4
M3,P24,2010,5
M3,P24,2010,6
M3,P24,2010,7
M3,P24,2010,8
M3,P24,2010,9
M3,P24,2010,10
M3,P24,2010,11
M3,P24,2010,12
M3,P24,2011,1
M3,P24,2011,2
M3,P24,2011,3
M3,P24,2011,4
M3,P24,2011,5
M3,P24,2011,6
M3,P24,2011,7
M3,P25,2010,1
M3,P25,2010,2
M3,P25,2010,3
M3,P25,2010,4
M3,P25,2010,5
M3,P25,2010,6
M3,P25,2010,7
M3,P25,2010,8
M3,P25,2010,9
M3,P25,2010,10
M3,P25,2010,11
M3,P25,2010,12
M3,P25,2011,1
M3,P25,2011,2
M3,P25,2011,3
M3,P25,2011,4
M3,P25,2011,5
M3,P25,2011,6
M3,P25,2011,7
M3,P26,2010,1
M3,P26,2010,2
M3,P26,2010,3
M3,P26,2010,4
M3,P26,2010,5
M3,P26,2010,6
M3,P26,2010,7
M3,P26,2010,8
M3,P26,2010,9
M3,P26,2010,10
M3,P26,2010,11
M3,P26,2010,12
M3,P26,2011,1
M3,P26,2011,2
M3,P26,2011,3
M3,P26,2011,4
M3,P26,2011,5
M3,P26,2011,6
M3,P26,2011,7
M3,P27,2010,1
M3,P27,2010,2
M3,P27,2010,3
M3,P27,2010,4
M3,P27,2010,5
M3,P27,2010,6
M3,P27,2010,7
M3,P27,2010,8
M3,P27,2010,9
M3,P27,2010,10
M3,P27,2010,11
M3,P27,2010,12
M3,P27,2011,1
M3,P27,2011,2
M3,P27,2011,3
M3,P27,2011,4
M3,P27,2011,5
M3,P27,2011,6
M3,P27,2011,7
M3,P28,2010,1
M3,P28,2010,2
M3,P28,2010,3
M3,P28,2010,4
M3,P28,2010,5
M3,P28,2010,6
M3,P28,2010,7
M3,P28,2010,8
M3,P28,2010,9
M3,P28,2010,10
M3,P28,2010,11
M3,P28,2010,12
M3,P28,2011,1
M3,P28,2011,2
M3,P28,2011,3
M3,P28,2011,4
M3,P28,2011,5
M3,P28,2011,6
M3,P28,2011,7
M3,P30,2010,1
M3,P30,2010,2
M3,P30,2010,3
M3,P30,2010,4
M3,P30,2010,5
M3,P30,2010,6
M3,P30,2010,7
M3,P30,2010,8
M3,P30,2010,9
M3,P30,2010,10
M3,P30,2010,11
M3,P30,2010,12
M3,P30,2011,1
M3,P30,2011,2
M3,P30,2011,3
M3,P30,2011,4
M3,P30,2011,5
M3,P30,2011,6
M3,P30,2011,7
M3,P31,2010,1
M3,P31,2010,2
M3,P31,2010,3
M3,P31,2010,4
M3,P31,2010,5
M3,P31,2010,6
M3,P31,2010,7
M3,P31,2010,8
M3,P31,2010,9
M3,P31,2010,10
M3,P31,2010,11
M3,P31,2010,12
M3,P31,2011,1
M3,P31,2011,2
M3,P31,2011,3
M3,P31,2011,4
M3,P31,2011,5
M3,P31,2011,6
M3,P31,2011,7
M4,P01,2010,1
M4,P01,2010,2
M4,P01,2010,3
M4,P01,2010,4
M4,P01,2010,5
M4,P01,2010,6
M4,P01,2010,7
M4,P01,2010,8
M4,P01,2010,9
M4,P01,2010,10
M4,P01,2010,11
M4,P01,2010,12
M4,P01,2011,1
M4,P01,2011,2
M4,P01,2011,3
M4,P01,2011,4
M4,P01,2011,5
M4,P01,2011,6
M4,P01,2011,7
M4,P02,2010,1
M4,P02,2010,2
M4,P02,2010,3
M4,P02,2010,4
M4,P02,2010,5
M4,P02,2010,6
M4,P02,2010,7
M4,P02,2010,8
M4,P02,2010,9
M4,P02,2010,10
M4,P02,2010,11
M4,P02,2010,12
M4,P02,2011,1
M4,P02,2011,2
M4,P02,2011,3
M4,P02,2011,4
M4,P02,2011,5
M4,P02,2011,6
M4,P02,2011,7
M4,P04,2010,1
M4,P04,2010,2
M4,P04,2010,3
M4,P04,2010,4
M4,P04,2010,5
M4,P04,2010,6
M4,P04,2010,7
M4,P04,2010,8
M4,P04,2010,9
M4,P04,2010,10
M4,P04,2010,11
M4,P04,2010,12
M4,P04,2011,1
M4,P04,2011,2
M4,P04,2011,3
M4,P04,2011,4
M4,P04,2011,5
M4,P04,2011,6
M4,P04,2011,7
M4,P05,2010,1
M4,P05,2010,2
M4,P05,2010,3
M4,P05,2010,4
M4,P05,2010,5
M4,P05,2010,6
M4,P05,2010,7
M4,P05,2010,8
M4,P05,2010,9
M4,P05,2010,10
M4,P05,2010,11
M4,P05,2010,12
M4,P05,2011,1
M4,P05,2011,2
M4,P05,2011,3
M4,P05,2011,4
M4,P05,2011,5
M4,P05,2011,6
M4,P05,2011,7
M4,P06,2010,1
M4,P06,2010,2
M4,P06,2010,3
M4,P06,2010,4
M4,P06,2010,5
M4,P06,2010,6
M4,P06,2010,7
M4,P06,2010,8
M4,P06,2010,9
M4,P06,2010,10
M4,P06,2010,11
M4,P06,2010,12
M4,P06,2011,1
M4,P06,2011,2
M4,P06,2011,3
M4,P06,2011,4
M4,P06,2011,5
M4,P06,2011,6
M4,P06,2011,7
M4,P09,2010,1
M4,P09,2010,2
M4,P09,2010,3
M4,P09,2010,4
M4,P09,2010,5
M4,P09,2010,6
M4,P09,2010,7
M4,P09,2010,8
M4,P09,2010,9
M4,P09,2010,10
M4,P09,2010,11
M4,P09,2010,12
M4,P09,2011,1
M4,P09,2011,2
M4,P09,2011,3
M4,P09,2011,4
M4,P09,2011,5
M4,P09,2011,6
M4,P09,2011,7
M4,P10,2010,1
M4,P10,2010,2
M4,P10,2010,3
M4,P10,2010,4
M4,P10,2010,5
M4,P10,2010,6
M4,P10,2010,7
M4,P10,2010,8
M4,P10,2010,9
M4,P10,2010,10
M4,P10,2010,11
M4,P10,2010,12
M4,P10,2011,1
M4,P10,2011,2
M4,P10,2011,3
M4,P10,2011,4
M4,P10,2011,5
M4,P10,2011,6
M4,P10,2011,7
M4,P11,2010,1
M4,P11,2010,2
M4,P11,2010,3
M4,P11,2010,4
M4,P11,2010,5
M4,P11,2010,6
M4,P11,2010,7
M4,P11,2010,8
M4,P11,2010,9
M4,P11,2010,10
M4,P11,2010,11
M4,P11,2010,12
M4,P11,2011,1
M4,P11,2011,2
M4,P11,2011,3
M4,P11,2011,4
M4,P11,2011,5
M4,P11,2011,6
M4,P11,2011,7
M4,P12,2010,1
M4,P12,2010,2
M4,P12,2010,3
M4,P12,2010,4
M4,P12,2010,5
M4,P12,2010,6
M4,P12,2010,7
M4,P12,2010,8
M4,P12,2010,9
M4,P12,2010,10
M4,P12,2010,11
M4,P12,2010,12
M4,P12,2011,1
M4,P12,2011,2
M4,P12,2011,3
M4,P12,2011,4
M4,P12,2011,5
M4,P12,2011,6
M4,P12,2011,7
M4,P13,2010,1
M4,P13,2010,2
M4,P13,2010,3
M4,P13,2010,4
M4,P13,2010,5
M4,P13,2010,6
M4,P13,2010,7
M4,P13,2010,8
M4,P13,2010,9
M4,P13,2010,10
M4,P13,2010,11
M4,P13,2010,12
M4,P13,2011,1
M4,P13,2011,2
M4,P13,2011,3
M4,P13,2011,4
M4,P13,2011,5
M4,P13,2011,6
M4,P13,2011,7
M4,P15,2010,1
M4,P15,2010,2
M4,P15,2010,3
M4,P15,2010,4
M4,P15,2010,5
M4,P15,2010,6
M4,P15,2010,7
M4,P15,2010,8
M4,P15,2010,9
M4,P15,2010,10
M4,P15,2010,11
M4,P15,2010,12
M4,P15,2011,1
M4,P15,2011,2
M4,P15,2011,3
M4,P15,2011,4
M4,P15,2011,5
M4,P15,2011,6
M4,P15,2011,7
M4,P16,2010,1
M4,P16,2010,2
M4,P16,2010,3
M4,P16,2010,4
M4,P16,2010,5
M4,P16,2010,6
M4,P16,2010,7
M4,P16,2010,8
M4,P16,2010,9
M4,P16,2010,10
M4,P16,2010,11
M4,P16,2010,12
M4,P16,2011,1
M4,P16,2011,2
M4,P16,2011,3
M4,P16,2011,4
M4,P16,2011,5
M4,P16,2011,6
M4,P16,2011,7
M4,P17,2010,1
M4,P17,2010,2
M4,P17,2010,3
M4,P17,2010,4
M4,P17,2010,5
M4,P17,2010,6
M4,P17,2010,7
M4,P17,2010,8
M4,P17,2010,9
M4,P17,2010,10
M4,P17,2010,11
M4,P17,2010,12
M4,P17,2011,1
M4,P17,2011,2
M4,P17,2011,3
M4,P17,2011,4
M4,P17,2011,5
M4,P17,2011,6
M4,P17,2011,7
M4,P19,2010,1
M4,P19,2010,2
M4,P19,2010,3
M4,P19,2010,4
M4,P19,2010,5
M4,P19,2010,6
M4,P19,2010,7
M4,P19,2010,8
M4,P19,2010,9
M4,P19,2010,10
M4,P19,2010,11
M4,P19,2010,12
M4,P19,2011,1
M4,P19,2011,2
M4,P19,2011,3
M4,P19,2011,4
M4,P19,2011,5
M4,P19,2011,6
M4,P19,2011,7
M4,P20,2010,1
M4,P20,2010,2
M4,P20,2010,3
M4,P20,2010,4
M4,P20,2010,5
M4,P20,2010,6
M4,P20,2010,7
M4,P20,2010,8
M4,P20,2010,9
M4,P20,2010,10
M4,P20,2010,11
M4,P20,2010,12
M4,P20,2011,1
M4,P20,2011,2
M4,P20,2011,3
M4,P20,2011,4
M4,P20,2011,5
M4,P20,2011,6
M4,P20,2011,7
M4,P21,2010,1
M4,P21,2010,2
M4,P21,2010,3
M4,P21,2010,4
M4,P21,2010,5
M4,P21,2010,6
M4,P21,2010,7
M4,P21,2010,8
M4,P21,2010,9
M4,P21,2010,10
M4,P21,2010,11
M4,P21,2010,12
M4,P21,2011,1
M4,P21,2011,2
M4,P21,2011,3
M4,P21,2011,4
M4,P21,2011,5
M4,P21,2011,6
M4,P21,2011,7
M4,P22,2010,1
M4,P22,2010,2
M4,P22,2010,3
M4,P22,2010,4
M4,P22,2010,5
M4,P22,2010,6
M4,P22,2010,7
M4,P22,2010,8
M4,P22,2010,9
M4,P22,2010,10
M4,P22,2010,11
M4,P22,2010,12
M4,P22,2011,1
M4,P22,2011,2
M4,P22,2011,3
M4,P22,2011,4
M4,P22,2011,5
M4,P22,2011,6
M4,P22,2011,7
M4,P24,2010,1
M4,P24,2010,2
M4,P24,2010,3
M4,P24,2010,4
M4,P24,2010,5
M4,P24,2010,6
M4,P24,2010,7
M4,P24,2010,8
M4,P24,2010,9
M4,P24,2010,10
M4,P24,2010,11
M4,P24,2010,12
M4,P24,2011,1
M4,P24,2011,2
M4,P24,2011,3
M4,P24,2011,4
M4,P24,2011,5
M4,P24,2011,6
M4,P24,2011,7
M4,P25,2010,1
M4,P25,2010,2
M4,P25,2010,3
M4,P25,2010,4
M4,P25,2010,5
M4,P25,2010,6
M4,P25,2010,7
M4,P25,2010,8
M4,P25,2010,9
M4,P25,2010,10
M4,P25,2010,11
M4,P25,2010,12
M4,P25,2011,1
M4,P25,2011,2
M4,P25,2011,3
M4,P25,2011,4
M4,P25,2011,5
M4,P25,2011,6
M4,P25,2011,7
M4,P26,2010,1
M4,P26,2010,2
M4,P26,2010,3
M4,P26,2010,4
M4,P26,2010,5
M4,P26,2010,6
M4,P26,2010,7
M4,P26,2010,8
M4,P26,2010,9
M4,P26,2010,10
M4,P26,2010,11
M4,P26,2010,12
M4,P26,2011,1
M4,P26,2011,2
M4,P26,2011,3
M4,P26,2011,4
M4,P26,2011,5
M4,P26,2011,6
M4,P26,2011,7
M4,P27,2010,1
M4,P27,2010,2
M4,P27,2010,3
M4,P27,2010,4
M4,P27,2010,5
M4,P27,2010,6
M4,P27,2010,7
M4,P27,2010,8
M4,P27,2010,9
M4,P27,2010,10
M4,P27,2010,11
M4,P27,2010,12
M4,P27,2011,1
M4,P27,2011,2
M4,P27,2011,3
M4,P27,2011,4
M4,P27,2011,5
M4,P27,2011,6
M4,P27,2011,7
M4,P28,2010,1
M4,P28,2010,2
M4,P28,2010,3
M4,P28,2010,4
M4,P28,2010,5
M4,P28,2010,6
M4,P28,2010,7
M4,P28,2010,8
M4,P28,2010,9
M4,P28,2010,10
M4,P28,2010,11
M4,P28,2010,12
M4,P28,2011,1
M4,P28,2011,2
M4,P28,2011,3
M4,P28,2011,4
M4,P28,2011,5
M4,P28,2011,6
M4,P28,2011,7
M4,P30,2010,1
M4,P30,2010,2
M4,P30,2010,3
M4,P30,2010,4
M4,P30,2010,5
M4,P30,2010,6
M4,P30,2010,7
M4,P30,2010,8
M4,P30,2010,9
M4,P30,2010,10
M4,P30,2010,11
M4,P30,2010,12
M4,P30,2011,1
M4,P30,2011,2
M4,P30,2011,3
M4,P30,2011,4
M4,P30,2011,5
M4,P30,2011,6
M4,P30,2011,7
M4,P31,2010,1
M4,P31,2010,2
M4,P31,2010,3
M4,P31,2010,4
M4,P31,2010,5
M4,P31,2010,6
M4,P31,2010,7
M4,P31,2010,8
M4,P31,2010,9
M4,P31,2010,10
M4,P31,2010,11
M4,P31,2010,12
M4,P31,2011,1
M4,P31,2011,2
M4,P31,2011,3
M4,P31,2011,4
M4,P31,2011,5
M4,P31,2011,6
M4,P31,2011,7
M5,P01,2010,1
M5,P01,2010,2
M5,P01,2010,3
M5,P01,2010,4
M5,P01,2010,5
M5,P01,2010,6
M5,P01,2010,7
M5,P01,2010,8
M5,P01,2010,9
M5,P01,2010,10
M5,P01,2010,11
M5,P01,2010,12
M5,P01,2011,1
M5,P01,2011,2
M5,P01,2011,3
M5,P01,2011,4
M5,P01,2011,5
M5,P01,2011,6
M5,P01,2011,7
M5,P02,2010,1
M5,P02,2010,2
M5,P02,2010,3
M5,P02,2010,4
M5,P02,2010,5
M5,P02,2010,6
M5,P02,2010,7
M5,P02,2010,8
M5,P02,2010,9
M5,P02,2010,10
M5,P02,2010,11
M5,P02,2010,12
M5,P02,2011,1
M5,P02,2011,2
M5,P02,2011,3
M5,P02,2011,4
M5,P02,2011,5
M5,P02,2011,6
M5,P02,2011,7
M5,P04,2010,1
M5,P04,2010,2
M5,P04,2010,3
M5,P04,2010,4
M5,P04,2010,5
M5,P04,2010,6
M5,P04,2010,7
M5,P04,2010,8
M5,P04,2010,9
M5,P04,2010,10
M5,P04,2010,11
M5,P04,2010,12
M5,P04,2011,1
M5,P04,2011,2
M5,P04,2011,3
M5,P04,2011,4
M5,P04,2011,5
M5,P04,2011,6
M5,P04,2011,7
M5,P05,2010,1
M5,P05,2010,2
M5,P05,2010,3
M5,P05,2010,4
M5,P05,2010,5
M5,P05,2010,6
M5,P05,2010,7
M5,P05,2010,8
M5,P05,2010,9
M5,P05,2010,10
M5,P05,2010,11
M5,P05,2010,12
M5,P05,2011,1
M5,P05,2011,2
M5,P05,2011,3
M5,P05,2011,4
M5,P05,2011,5
M5,P05,2011,6
M5,P05,2011,7
M5,P06,2010,1
M5,P06,2010,2
M5,P06,2010,3
M5,P06,2010,4
M5,P06,2010,5
M5,P06,2010,6
M5,P06,2010,7
M5,P06,2010,8
M5,P06,2010,9
M5,P06,2010,10
M5,P06,2010,11
M5,P06,2010,12
M5,P06,2011,1
M5,P06,2011,2
M5,P06,2011,3
M5,P06,2011,4
M5,P06,2011,5
M5,P06,2011,6
M5,P06,2011,7
M5,P09,2010,1
M5,P09,2010,2
M5,P09,2010,3
M5,P09,2010,4
M5,P09,2010,5
M5,P09,2010,6
M5,P09,2010,7
M5,P09,2010,8
M5,P09,2010,9
M5,P09,2010,10
M5,P09,2010,11
M5,P09,2010,12
M5,P09,2011,1
M5,P09,2011,2
M5,P09,2011,3
M5,P09,2011,4
M5,P09,2011,5
M5,P09,2011,6
M5,P09,2011,7
M5,P10,2010,1
M5,P10,2010,2
M5,P10,2010,3
M5,P10,2010,4
M5,P10,2010,5
M5,P10,2010,6
M5,P10,2010,7
M5,P10,2010,8
M5,P10,2010,9
M5,P10,2010,10
M5,P10,2010,11
M5,P10,2010,12
M5,P10,2011,1
M5,P10,2011,2
M5,P10,2011,3
M5,P10,2011,4
M5,P10,2011,5
M5,P10,2011,6
M5,P10,2011,7
M5,P11,2010,1
M5,P11,2010,2
M5,P11,2010,3
M5,P11,2010,4
M5,P11,2010,5
M5,P11,2010,6
M5,P11,2010,7
M5,P11,2010,8
M5,P11,2010,9
M5,P11,2010,10
M5,P11,2010,11
M5,P11,2010,12
M5,P11,2011,1
M5,P11,2011,2
M5,P11,2011,3
M5,P11,2011,4
M5,P11,2011,5
M5,P11,2011,6
M5,P11,2011,7
M5,P12,2010,1
M5,P12,2010,2
M5,P12,2010,3
M5,P12,2010,4
M5,P12,2010,5
M5,P12,2010,6
M5,P12,2010,7
M5,P12,2010,8
M5,P12,2010,9
M5,P12,2010,10
M5,P12,2010,11
M5,P12,2010,12
M5,P12,2011,1
M5,P12,2011,2
M5,P12,2011,3
M5,P12,2011,4
M5,P12,2011,5
M5,P12,2011,6
M5,P12,2011,7
M5,P13,2010,1
M5,P13,2010,2
M5,P13,2010,3
M5,P13,2010,4
M5,P13,2010,5
M5,P13,2010,6
M5,P13,2010,7
M5,P13,2010,8
M5,P13,2010,9
M5,P13,2010,10
M5,P13,2010,11
M5,P13,2010,12
M5,P13,2011,1
M5,P13,2011,2
M5,P13,2011,3
M5,P13,2011,4
M5,P13,2011,5
M5,P13,2011,6
M5,P13,2011,7
M5,P15,2010,1
M5,P15,2010,2
M5,P15,2010,3
M5,P15,2010,4
M5,P15,2010,5
M5,P15,2010,6
M5,P15,2010,7
M5,P15,2010,8
M5,P15,2010,9
M5,P15,2010,10
M5,P15,2010,11
M5,P15,2010,12
M5,P15,2011,1
M5,P15,2011,2
M5,P15,2011,3
M5,P15,2011,4
M5,P15,2011,5
M5,P15,2011,6
M5,P15,2011,7
M5,P16,2010,1
M5,P16,2010,2
M5,P16,2010,3
M5,P16,2010,4
M5,P16,2010,5
M5,P16,2010,6
M5,P16,2010,7
M5,P16,2010,8
M5,P16,2010,9
M5,P16,2010,10
M5,P16,2010,11
M5,P16,2010,12
M5,P16,2011,1
M5,P16,2011,2
M5,P16,2011,3
M5,P16,2011,4
M5,P16,2011,5
M5,P16,2011,6
M5,P16,2011,7
M5,P17,2010,1
M5,P17,2010,2
M5,P17,2010,3
M5,P17,2010,4
M5,P17,2010,5
M5,P17,2010,6
M5,P17,2010,7
M5,P17,2010,8
M5,P17,2010,9
M5,P17,2010,10
M5,P17,2010,11
M5,P17,2010,12
M5,P17,2011,1
M5,P17,2011,2
M5,P17,2011,3
M5,P17,2011,4
M5,P17,2011,5
M5,P17,2011,6
M5,P17,2011,7
M5,P19,2010,1
M5,P19,2010,2
M5,P19,2010,3
M5,P19,2010,4
M5,P19,2010,5
M5,P19,2010,6
M5,P19,2010,7
M5,P19,2010,8
M5,P19,2010,9
M5,P19,2010,10
M5,P19,2010,11
M5,P19,2010,12
M5,P19,2011,1
M5,P19,2011,2
M5,P19,2011,3
M5,P19,2011,4
M5,P19,2011,5
M5,P19,2011,6
M5,P19,2011,7
M5,P20,2010,1
M5,P20,2010,2
M5,P20,2010,3
M5,P20,2010,4
M5,P20,2010,5
M5,P20,2010,6
M5,P20,2010,7
M5,P20,2010,8
M5,P20,2010,9
M5,P20,2010,10
M5,P20,2010,11
M5,P20,2010,12
M5,P20,2011,1
M5,P20,2011,2
M5,P20,2011,3
M5,P20,2011,4
M5,P20,2011,5
M5,P20,2011,6
M5,P20,2011,7
M5,P21,2010,1
M5,P21,2010,2
M5,P21,2010,3
M5,P21,2010,4
M5,P21,2010,5
M5,P21,2010,6
M5,P21,2010,7
M5,P21,2010,8
M5,P21,2010,9
M5,P21,2010,10
M5,P21,2010,11
M5,P21,2010,12
M5,P21,2011,1
M5,P21,2011,2
M5,P21,2011,3
M5,P21,2011,4
M5,P21,2011,5
M5,P21,2011,6
M5,P21,2011,7
M5,P22,2010,1
M5,P22,2010,2
M5,P22,2010,3
M5,P22,2010,4
M5,P22,2010,5
M5,P22,2010,6
M5,P22,2010,7
M5,P22,2010,8
M5,P22,2010,9
M5,P22,2010,10
M5,P22,2010,11
M5,P22,2010,12
M5,P22,2011,1
M5,P22,2011,2
M5,P22,2011,3
M5,P22,2011,4
M5,P22,2011,5
M5,P22,2011,6
M5,P22,2011,7
M5,P24,2010,1
M5,P24,2010,2
M5,P24,2010,3
M5,P24,2010,4
M5,P24,2010,5
M5,P24,2010,6
M5,P24,2010,7
M5,P24,2010,8
M5,P24,2010,9
M5,P24,2010,10
M5,P24,2010,11
M5,P24,2010,12
M5,P24,2011,1
M5,P24,2011,2
M5,P24,2011,3
M5,P24,2011,4
M5,P24,2011,5
M5,P24,2011,6
M5,P24,2011,7
M5,P26,2010,1
M5,P26,2010,2
M5,P26,2010,3
M5,P26,2010,4
M5,P26,2010,5
M5,P26,2010,6
M5,P26,2010,7
M5,P26,2010,8
M5,P26,2010,9
M5,P26,2010,10
M5,P26,2010,11
M5,P26,2010,12
M5,P26,2011,1
M5,P26,2011,2
M5,P26,2011,3
M5,P26,2011,4
M5,P26,2011,5
M5,P26,2011,6
M5,P26,2011,7
M5,P27,2010,1
M5,P27,2010,2
M5,P27,2010,3
M5,P27,2010,4
M5,P27,2010,5
M5,P27,2010,6
M5,P27,2010,7
M5,P27,2010,8
M5,P27,2010,9
M5,P27,2010,10
M5,P27,2010,11
M5,P27,2010,12
M5,P27,2011,1
M5,P27,2011,2
M5,P27,2011,3
M5,P27,2011,4
M5,P27,2011,5
M5,P27,2011,6
M5,P27,2011,7
M5,P28,2010,1
M5,P28,2010,2
M5,P28,2010,3
M5,P28,2010,4
M5,P28,2010,5
M5,P28,2010,6
M5,P28,2010,7
M5,P28,2010,8
M5,P28,2010,9
M5,P28,2010,10
M5,P28,2010,11
M5,P28,2010,12
M5,P28,2011,1
M5,P28,2011,2
M5,P28,2011,3
M5,P28,2011,4
M5,P28,2011,5
M5,P28,2011,6
M5,P28,2011,7
M5,P30,2010,1
M5,P30,2010,2
M5,P30,2010,3
M5,P30,2010,4
M5,P30,2010,5
M5,P30,2010,6
M5,P30,2010,7
M5,P30,2010,8
M5,P30,2010,9
M5,P30,2010,10
M5,P30,2010,11
M5,P30,2010,12
M5,P30,2011,1
M5,P30,2011,2
M5,P30,2011,3
M5,P30,2011,4
M5,P30,2011,5
M5,P30,2011,6
M5,P30,2011,7
M5,P31,2010,1
M5,P31,2010,2
M5,P31,2010,3
M5,P31,2010,4
M5,P31,2010,5
M5,P31,2010,6
M5,P31,2010,7
M5,P31,2010,8
M5,P31,2010,9
M5,P31,2010,10
M5,P31,2010,11
M5,P31,2010,12
M5,P31,2011,1
M5,P31,2011,2
M5,P31,2011,3
M5,P31,2011,4
M5,P31,2011,5
M5,P31,2011,6
M5,P31,2011,7
M6,P01,2010,1
M6,P01,2010,2
M6,P01,2010,3
M6,P01,2010,4
M6,P01,2010,5
M6,P01,2010,6
M6,P01,2010,7
M6,P01,2010,8
M6,P01,2010,9
M6,P01,2010,10
M6,P01,2010,11
M6,P01,2010,12
M6,P01,2011,1
M6,P01,2011,2
M6,P01,2011,3
M6,P01,2011,4
M6,P01,2011,5
M6,P01,2011,6
M6,P01,2011,7
M6,P02,2010,1
M6,P02,2010,2
M6,P02,2010,3
M6,P02,2010,4
M6,P02,2010,5
M6,P02,2010,6
M6,P02,2010,7
M6,P02,2010,8
M6,P02,2010,9
M6,P02,2010,10
M6,P02,2010,11
M6,P02,2010,12
M6,P02,2011,1
M6,P02,2011,2
M6,P02,2011,3
M6,P02,2011,4
M6,P02,2011,5
M6,P02,2011,6
M6,P02,2011,7
M6,P03,2010,1
M6,P03,2010,2
M6,P03,2010,3
M6,P03,2010,4
M6,P03,2010,5
M6,P03,2010,6
M6,P03,2010,7
M6,P03,2010,8
M6,P03,2010,9
M6,P03,2010,10
M6,P03,2010,11
M6,P03,2010,12
M6,P03,2011,1
M6,P03,2011,2
M6,P03,2011,3
M6,P03,2011,4
M6,P03,2011,5
M6,P03,2011,6
M6,P03,2011,7
M6,P04,2010,1
M6,P04,2010,2
M6,P04,2010,3
M6,P04,2010,4
M6,P04,2010,5
M6,P04,2010,6
M6,P04,2010,7
M6,P04,2010,8
M6,P04,2010,9
M6,P04,2010,10
M6,P04,2010,11
M6,P04,2010,12
M6,P04,2011,1
M6,P04,2011,2
M6,P04,2011,3
M6,P04,2011,4
M6,P04,2011,5
M6,P04,2011,6
M6,P04,2011,7
M6,P05,2010,1
M6,P05,2010,2
M6,P05,2010,3
M6,P05,2010,4
M6,P05,2010,5
M6,P05,2010,6
M6,P05,2010,7
M6,P05,2010,8
M6,P05,2010,9
M6,P05,2010,10
M6,P05,2010,11
M6,P05,2010,12
M6,P05,2011,1
M6,P05,2011,2
M6,P05,2011,3
M6,P05,2011,4
M6,P05,2011,5
M6,P05,2011,6
M6,P05,2011,7
M6,P06,2010,1
M6,P06,2010,2
M6,P06,2010,3
M6,P06,2010,4
M6,P06,2010,5
M6,P06,2010,6
M6,P06,2010,7
M6,P06,2010,8
M6,P06,2010,9
M6,P06,2010,10
M6,P06,2010,11
M6,P06,2010,12
M6,P06,2011,1
M6,P06,2011,2
M6,P06,2011,3
M6,P06,2011,4
M6,P06,2011,5
M6,P06,2011,6
M6,P06,2011,7
M6,P09,2010,1
M6,P09,2010,2
M6,P09,2010,3
M6,P09,2010,4
M6,P09,2010,5
M6,P09,2010,6
M6,P09,2010,7
M6,P09,2010,8
M6,P09,2010,9
M6,P09,2010,10
M6,P09,2010,11
M6,P09,2010,12
M6,P09,2011,1
M6,P09,2011,2
M6,P09,2011,3
M6,P09,2011,4
M6,P09,2011,5
M6,P09,2011,6
M6,P09,2011,7
M6,P10,2010,1
M6,P10,2010,2
M6,P10,2010,3
M6,P10,2010,4
M6,P10,2010,5
M6,P10,2010,6
M6,P10,2010,7
M6,P10,2010,8
M6,P10,2010,9
M6,P10,2010,10
M6,P10,2010,11
M6,P10,2010,12
M6,P10,2011,1
M6,P10,2011,2
M6,P10,2011,3
M6,P10,2011,4
M6,P10,2011,5
M6,P10,2011,6
M6,P10,2011,7
M6,P11,2010,1
M6,P11,2010,2
M6,P11,2010,3
M6,P11,2010,4
M6,P11,2010,5
M6,P11,2010,6
M6,P11,2010,7
M6,P11,2010,8
M6,P11,2010,9
M6,P11,2010,10
M6,P11,2010,11
M6,P11,2010,12
M6,P11,2011,1
M6,P11,2011,2
M6,P11,2011,3
M6,P11,2011,4
M6,P11,2011,5
M6,P11,2011,6
M6,P11,2011,7
M6,P12,2010,1
M6,P12,2010,2
M6,P12,2010,3
M6,P12,2010,4
M6,P12,2010,5
M6,P12,2010,6
M6,P12,2010,7
M6,P12,2010,8
M6,P12,2010,9
M6,P12,2010,10
M6,P12,2010,11
M6,P12,2010,12
M6,P12,2011,1
M6,P12,2011,2
M6,P12,2011,3
M6,P12,2011,4
M6,P12,2011,5
M6,P12,2011,6
M6,P12,2011,7
M6,P13,2010,1
M6,P13,2010,2
M6,P13,2010,3
M6,P13,2010,4
M6,P13,2010,5
M6,P13,2010,6
M6,P13,2010,7
M6,P13,2010,8
M6,P13,2010,9
M6,P13,2010,10
M6,P13,2010,11
M6,P13,2010,12
M6,P13,2011,1
M6,P13,2011,2
M6,P13,2011,3
M6,P13,2011,4
M6,P13,2011,5
M6,P13,2011,6
M6,P13,2011,7
M6,P15,2010,1
M6,P15,2010,2
M6,P15,2010,3
M6,P15,2010,4
M6,P15,2010,5
M6,P15,2010,6
M6,P15,2010,7
M6,P15,2010,8
M6,P15,2010,9
M6,P15,2010,10
M6,P15,2010,11
M6,P15,2010,12
M6,P15,2011,1
M6,P15,2011,2
M6,P15,2011,3
M6,P15,2011,4
M6,P15,2011,5
M6,P15,2011,6
M6,P15,2011,7
M6,P16,2010,1
M6,P16,2010,2
M6,P16,2010,3
M6,P16,2010,4
M6,P16,2010,5
M6,P16,2010,6
M6,P16,2010,7
M6,P16,2010,8
M6,P16,2010,9
M6,P16,2010,10
M6,P16,2010,11
M6,P16,2010,12
M6,P16,2011,1
M6,P16,2011,2
M6,P16,2011,3
M6,P16,2011,4
M6,P16,2011,5
M6,P16,2011,6
M6,P16,2011,7
M6,P17,2010,1
M6,P17,2010,2
M6,P17,2010,3
M6,P17,2010,4
M6,P17,2010,5
M6,P17,2010,6
M6,P17,2010,7
M6,P17,2010,8
M6,P17,2010,9
M6,P17,2010,10
M6,P17,2010,11
M6,P17,2010,12
M6,P17,2011,1
M6,P17,2011,2
M6,P17,2011,3
M6,P17,2011,4
M6,P17,2011,5
M6,P17,2011,6
M6,P17,2011,7
M6,P19,2010,1
M6,P19,2010,2
M6,P19,2010,3
M6,P19,2010,4
M6,P19,2010,5
M6,P19,2010,6
M6,P19,2010,7
M6,P19,2010,8
M6,P19,2010,9
M6,P19,2010,10
M6,P19,2010,11
M6,P19,2010,12
M6,P19,2011,1
M6,P19,2011,2
M6,P19,2011,3
M6,P19,2011,4
M6,P19,2011,5
M6,P19,2011,6
M6,P19,2011,7
M6,P20,2010,1
M6,P20,2010,2
M6,P20,2010,3
M6,P20,2010,4
M6,P20,2010,5
M6,P20,2010,6
M6,P20,2010,7
M6,P20,2010,8
M6,P20,2010,9
M6,P20,2010,10
M6,P20,2010,11
M6,P20,2010,12
M6,P20,2011,1
M6,P20,2011,2
M6,P20,2011,3
M6,P20,2011,4
M6,P20,2011,5
M6,P20,2011,6
M6,P20,2011,7
M6,P21,2010,1
M6,P21,2010,2
M6,P21,2010,3
M6,P21,2010,4
M6,P21,2010,5
M6,P21,2010,6
M6,P21,2010,7
M6,P21,2010,8
M6,P21,2010,9
M6,P21,2010,10
M6,P21,2010,11
M6,P21,2010,12
M6,P21,2011,1
M6,P21,2011,2
M6,P21,2011,3
M6,P21,2011,4
M6,P21,2011,5
M6,P21,2011,6
M6,P21,2011,7
M6,P22,2010,1
M6,P22,2010,2
M6,P22,2010,3
M6,P22,2010,4
M6,P22,2010,5
M6,P22,2010,6
M6,P22,2010,7
M6,P22,2010,8
M6,P22,2010,9
M6,P22,2010,10
M6,P22,2010,11
M6,P22,2010,12
M6,P22,2011,1
M6,P22,2011,2
M6,P22,2011,3
M6,P22,2011,4
M6,P22,2011,5
M6,P22,2011,6
M6,P22,2011,7
M6,P24,2010,1
M6,P24,2010,2
M6,P24,2010,3
M6,P24,2010,4
M6,P24,2010,5
M6,P24,2010,6
M6,P24,2010,7
M6,P24,2010,8
M6,P24,2010,9
M6,P24,2010,10
M6,P24,2010,11
M6,P24,2010,12
M6,P24,2011,1
M6,P24,2011,2
M6,P24,2011,3
M6,P24,2011,4
M6,P24,2011,5
M6,P24,2011,6
M6,P24,2011,7
M6,P25,2010,1
M6,P25,2010,2
M6,P25,2010,3
M6,P25,2010,4
M6,P25,2010,5
M6,P25,2010,6
M6,P25,2010,7
M6,P25,2010,8
M6,P25,2010,9
M6,P25,2010,10
M6,P25,2010,11
M6,P25,2010,12
M6,P25,2011,1
M6,P25,2011,2
M6,P25,2011,3
M6,P25,2011,4
M6,P25,2011,5
M6,P25,2011,6
M6,P25,2011,7
M6,P26,2010,1
M6,P26,2010,2
M6,P26,2010,3
M6,P26,2010,4
M6,P26,2010,5
M6,P26,2010,6
M6,P26,2010,7
M6,P26,2010,8
M6,P26,2010,9
M6,P26,2010,10
M6,P26,2010,11
M6,P26,2010,12
M6,P26,2011,1
M6,P26,2011,2
M6,P26,2011,3
M6,P26,2011,4
M6,P26,2011,5
M6,P26,2011,6
M6,P26,2011,7
M6,P27,2010,1
M6,P27,2010,2
M6,P27,2010,3
M6,P27,2010,4
M6,P27,2010,5
M6,P27,2010,6
M6,P27,2010,7
M6,P27,2010,8
M6,P27,2010,9
M6,P27,2010,10
M6,P27,2010,11
M6,P27,2010,12
M6,P27,2011,1
M6,P27,2011,2
M6,P27,2011,3
M6,P27,2011,4
M6,P27,2011,5
M6,P27,2011,6
M6,P27,2011,7
M6,P28,2010,1
M6,P28,2010,2
M6,P28,2010,3
M6,P28,2010,4
M6,P28,2010,5
M6,P28,2010,6
M6,P28,2010,7
M6,P28,2010,8
M6,P28,2010,9
M6,P28,2010,10
M6,P28,2010,11
M6,P28,2010,12
M6,P28,2011,1
M6,P28,2011,2
M6,P28,2011,3
M6,P28,2011,4
M6,P28,2011,5
M6,P28,2011,6
M6,P28,2011,7
M6,P30,2010,1
M6,P30,2010,2
M6,P30,2010,3
M6,P30,2010,4
M6,P30,2010,5
M6,P30,2010,6
M6,P30,2010,7
M6,P30,2010,8
M6,P30,2010,9
M6,P30,2010,10
M6,P30,2010,11
M6,P30,2010,12
M6,P30,2011,1
M6,P30,2011,2
M6,P30,2011,3
M6,P30,2011,4
M6,P30,2011,5
M6,P30,2011,6
M6,P30,2011,7
M6,P31,2010,1
M6,P31,2010,2
M6,P31,2010,3
M6,P31,2010,4
M6,P31,2010,5
M6,P31,2010,6
M6,P31,2010,7
M6,P31,2010,8
M6,P31,2010,9
M6,P31,2010,10
M6,P31,2010,11
M6,P31,2010,12
M6,P31,2011,1
M6,P31,2011,2
M6,P31,2011,3
M6,P31,2011,4
M6,P31,2011,5
M6,P31,2011,6
M6,P31,2011,7
M7,P01,2010,1
M7,P01,2010,2
M7,P01,2010,3
M7,P01,2010,4
M7,P01,2010,5
M7,P01,2010,6
M7,P01,2010,7
M7,P01,2010,8
M7,P01,2010,9
M7,P01,2010,10
M7,P01,2010,11
M7,P01,2010,12
M7,P01,2011,1
M7,P01,2011,2
M7,P01,2011,3
M7,P01,2011,4
M7,P01,2011,5
M7,P01,2011,6
M7,P01,2011,7
M7,P02,2010,1
M7,P02,2010,2
M7,P02,2010,3
M7,P02,2010,4
M7,P02,2010,5
M7,P02,2010,6
M7,P02,2010,7
M7,P02,2010,8
M7,P02,2010,9
M7,P02,2010,10
M7,P02,2010,11
M7,P02,2010,12
M7,P02,2011,1
M7,P02,2011,2
M7,P02,2011,3
M7,P02,2011,4
M7,P02,2011,5
M7,P02,2011,6
M7,P02,2011,7
M7,P03,2010,1
M7,P03,2010,2
M7,P03,2010,3
M7,P03,2010,4
M7,P03,2010,5
M7,P03,2010,6
M7,P03,2010,7
M7,P03,2010,8
M7,P03,2010,9
M7,P03,2010,10
M7,P03,2010,11
M7,P03,2010,12
M7,P03,2011,1
M7,P03,2011,2
M7,P03,2011,3
M7,P03,2011,4
M7,P03,2011,5
M7,P03,2011,6
M7,P03,2011,7
M7,P04,2010,1
M7,P04,2010,2
M7,P04,2010,3
M7,P04,2010,4
M7,P04,2010,5
M7,P04,2010,6
M7,P04,2010,7
M7,P04,2010,8
M7,P04,2010,9
M7,P04,2010,10
M7,P04,2010,11
M7,P04,2010,12
M7,P04,2011,1
M7,P04,2011,2
M7,P04,2011,3
M7,P04,2011,4
M7,P04,2011,5
M7,P04,2011,6
M7,P04,2011,7
M7,P05,2010,1
M7,P05,2010,2
M7,P05,2010,3
M7,P05,2010,4
M7,P05,2010,5
M7,P05,2010,6
M7,P05,2010,7
M7,P05,2010,8
M7,P05,2010,9
M7,P05,2010,10
M7,P05,2010,11
M7,P05,2010,12
M7,P05,2011,1
M7,P05,2011,2
M7,P05,2011,3
M7,P05,2011,4
M7,P05,2011,5
M7,P05,2011,6
M7,P05,2011,7
M7,P06,2010,1
M7,P06,2010,2
M7,P06,2010,3
M7,P06,2010,4
M7,P06,2010,5
M7,P06,2010,6
M7,P06,2010,7
M7,P06,2010,8
M7,P06,2010,9
M7,P06,2010,10
M7,P06,2010,11
M7,P06,2010,12
M7,P06,2011,1
M7,P06,2011,2
M7,P06,2011,3
M7,P06,2011,4
M7,P06,2011,5
M7,P06,2011,6
M7,P06,2011,7
M7,P09,2010,1
M7,P09,2010,2
M7,P09,2010,3
M7,P09,2010,4
M7,P09,2010,5
M7,P09,2010,6
M7,P09,2010,7
M7,P09,2010,8
M7,P09,2010,9
M7,P09,2010,10
M7,P09,2010,11
M7,P09,2010,12
M7,P09,2011,1
M7,P09,2011,2
M7,P09,2011,3
M7,P09,2011,4
M7,P09,2011,5
M7,P09,2011,6
M7,P09,2011,7
M7,P10,2010,1
M7,P10,2010,2
M7,P10,2010,3
M7,P10,2010,4
M7,P10,2010,5
M7,P10,2010,6
M7,P10,2010,7
M7,P10,2010,8
M7,P10,2010,9
M7,P10,2010,10
M7,P10,2010,11
M7,P10,2010,12
M7,P10,2011,1
M7,P10,2011,2
M7,P10,2011,3
M7,P10,2011,4
M7,P10,2011,5
M7,P10,2011,6
M7,P10,2011,7
M7,P11,2010,1
M7,P11,2010,2
M7,P11,2010,3
M7,P11,2010,4
M7,P11,2010,5
M7,P11,2010,6
M7,P11,2010,7
M7,P11,2010,8
M7,P11,2010,9
M7,P11,2010,10
M7,P11,2010,11
M7,P11,2010,12
M7,P11,2011,1
M7,P11,2011,2
M7,P11,2011,3
M7,P11,2011,4
M7,P11,2011,5
M7,P11,2011,6
M7,P11,2011,7
M7,P12,2010,1
M7,P12,2010,2
M7,P12,2010,3
M7,P12,2010,4
M7,P12,2010,5
M7,P12,2010,6
M7,P12,2010,7
M7,P12,2010,8
M7,P12,2010,9
M7,P12,2010,10
M7,P12,2010,11
M7,P12,2010,12
M7,P12,2011,1
M7,P12,2011,2
M7,P12,2011,3
M7,P12,2011,4
M7,P12,2011,5
M7,P12,2011,6
M7,P12,2011,7
M7,P13,2010,1
M7,P13,2010,2
M7,P13,2010,3
M7,P13,2010,4
M7,P13,2010,5
M7,P13,2010,6
M7,P13,2010,7
M7,P13,2010,8
M7,P13,2010,9
M7,P13,2010,10
M7,P13,2010,11
M7,P13,2010,12
M7,P13,2011,1
M7,P13,2011,2
M7,P13,2011,3
M7,P13,2011,4
M7,P13,2011,5
M7,P13,2011,6
M7,P13,2011,7
M7,P15,2010,1
M7,P15,2010,2
M7,P15,2010,3
M7,P15,2010,4
M7,P15,2010,5
M7,P15,2010,6
M7,P15,2010,7
M7,P15,2010,8
M7,P15,2010,9
M7,P15,2010,10
M7,P15,2010,11
M7,P15,2010,12
M7,P15,2011,1
M7,P15,2011,2
M7,P15,2011,3
M7,P15,2011,4
M7,P15,2011,5
M7,P15,2011,6
M7,P15,2011,7
M7,P16,2010,1
M7,P16,2010,2
M7,P16,2010,3
M7,P16,2010,4
M7,P16,2010,5
M7,P16,2010,6
M7,P16,2010,7
M7,P16,2010,8
M7,P16,2010,9
M7,P16,2010,10
M7,P16,2010,11
M7,P16,2010,12
M7,P16,2011,1
M7,P16,2011,2
M7,P16,2011,3
M7,P16,2011,4
M7,P16,2011,5
M7,P16,2011,6
M7,P16,2011,7
M7,P17,2010,1
M7,P17,2010,2
M7,P17,2010,3
M7,P17,2010,4
M7,P17,2010,5
M7,P17,2010,6
M7,P17,2010,7
M7,P17,2010,8
M7,P17,2010,9
M7,P17,2010,10
M7,P17,2010,11
M7,P17,2010,12
M7,P17,2011,1
M7,P17,2011,2
M7,P17,2011,3
M7,P17,2011,4
M7,P17,2011,5
M7,P17,2011,6
M7,P17,2011,7
M7,P19,2010,1
M7,P19,2010,2
M7,P19,2010,3
M7,P19,2010,4
M7,P19,2010,5
M7,P19,2010,6
M7,P19,2010,7
M7,P19,2010,8
M7,P19,2010,9
M7,P19,2010,10
M7,P19,2010,11
M7,P19,2010,12
M7,P19,2011,1
M7,P19,2011,2
M7,P19,2011,3
M7,P19,2011,4
M7,P19,2011,5
M7,P19,2011,6
M7,P19,2011,7
M7,P20,2010,1
M7,P20,2010,2
M7,P20,2010,3
M7,P20,2010,4
M7,P20,2010,5
M7,P20,2010,6
M7,P20,2010,7
M7,P20,2010,8
M7,P20,2010,9
M7,P20,2010,10
M7,P20,2010,11
M7,P20,2010,12
M7,P20,2011,1
M7,P20,2011,2
M7,P20,2011,3
M7,P20,2011,4
M7,P20,2011,5
M7,P20,2011,6
M7,P20,2011,7
M7,P21,2010,1
M7,P21,2010,2
M7,P21,2010,3
M7,P21,2010,4
M7,P21,2010,5
M7,P21,2010,6
M7,P21,2010,7
M7,P21,2010,8
M7,P21,2010,9
M7,P21,2010,10
M7,P21,2010,11
M7,P21,2010,12
M7,P21,2011,1
M7,P21,2011,2
M7,P21,2011,3
M7,P21,2011,4
M7,P21,2011,5
M7,P21,2011,6
M7,P21,2011,7
M7,P22,2010,1
M7,P22,2010,2
M7,P22,2010,3
M7,P22,2010,4
M7,P22,2010,5
M7,P22,2010,6
M7,P22,2010,7
M7,P22,2010,8
M7,P22,2010,9
M7,P22,2010,10
M7,P22,2010,11
M7,P22,2010,12
M7,P22,2011,1
M7,P22,2011,2
M7,P22,2011,3
M7,P22,2011,4
M7,P22,2011,5
M7,P22,2011,6
M7,P22,2011,7
M7,P24,2010,1
M7,P24,2010,2
M7,P24,2010,3
M7,P24,2010,4
M7,P24,2010,5
M7,P24,2010,6
M7,P24,2010,7
M7,P24,2010,8
M7,P24,2010,9
M7,P24,2010,10
M7,P24,2010,11
M7,P24,2010,12
M7,P24,2011,1
M7,P24,2011,2
M7,P24,2011,3
M7,P24,2011,4
M7,P24,2011,5
M7,P24,2011,6
M7,P24,2011,7
M7,P25,2010,1
M7,P25,2010,2
M7,P25,2010,3
M7,P25,2010,4
M7,P25,2010,5
M7,P25,2010,6
M7,P25,2010,7
M7,P25,2010,8
M7,P25,2010,9
M7,P25,2010,10
M7,P25,2010,11
M7,P25,2010,12
M7,P25,2011,1
M7,P25,2011,2
M7,P25,2011,3
M7,P25,2011,4
M7,P25,2011,5
M7,P25,2011,6
M7,P25,2011,7
M7,P26,2010,1
M7,P26,2010,2
M7,P26,2010,3
M7,P26,2010,4
M7,P26,2010,5
M7,P26,2010,6
M7,P26,2010,7
M7,P26,2010,8
M7,P26,2010,9
M7,P26,2010,10
M7,P26,2010,11
M7,P26,2010,12
M7,P26,2011,1
M7,P26,2011,2
M7,P26,2011,3
M7,P26,2011,4
M7,P26,2011,5
M7,P26,2011,6
M7,P26,2011,7
M7,P27,2010,1
M7,P27,2010,2
M7,P27,2010,3
M7,P27,2010,4
M7,P27,2010,5
M7,P27,2010,6
M7,P27,2010,7
M7,P27,2010,8
M7,P27,2010,9
M7,P27,2010,10
M7,P27,2010,11
M7,P27,2010,12
M7,P27,2011,1
M7,P27,2011,2
M7,P27,2011,3
M7,P27,2011,4
M7,P27,2011,5
M7,P27,2011,6
M7,P27,2011,7
M7,P28,2010,1
M7,P28,2010,2
M7,P28,2010,3
M7,P28,2010,4
M7,P28,2010,5
M7,P28,2010,6
M7,P28,2010,7
M7,P28,2010,8
M7,P28,2010,9
M7,P28,2010,10
M7,P28,2010,11
M7,P28,2010,12
M7,P28,2011,1
M7,P28,2011,2
M7,P28,2011,3
M7,P28,2011,4
M7,P28,2011,5
M7,P28,2011,6
M7,P28,2011,7
M7,P30,2010,1
M7,P30,2010,2
M7,P30,2010,3
M7,P30,2010,4
M7,P30,2010,5
M7,P30,2010,6
M7,P30,2010,7
M7,P30,2010,8
M7,P30,2010,9
M7,P30,2010,10
M7,P30,2010,11
M7,P30,2010,12
M7,P30,2011,1
M7,P30,2011,2
M7,P30,2011,3
M7,P30,2011,4
M7,P30,2011,5
M7,P30,2011,6
M7,P30,2011,7
M7,P31,2010,1
M7,P31,2010,2
M7,P31,2010,3
M7,P31,2010,4
M7,P31,2010,5
M7,P31,2010,6
M7,P31,2010,7
M7,P31,2010,8
M7,P31,2010,9
M7,P31,2010,10
M7,P31,2010,11
M7,P31,2010,12
M7,P31,2011,1
M7,P31,2011,2
M7,P31,2011,3
M7,P31,2011,4
M7,P31,2011,5
M7,P31,2011,6
M7,P31,2011,7
M8,P01,2010,1
M8,P01,2010,2
M8,P01,2010,3
M8,P01,2010,4
M8,P01,2010,5
M8,P01,2010,6
M8,P01,2010,7
M8,P01,2010,8
M8,P01,2010,9
M8,P01,2010,10
M8,P01,2010,11
M8,P01,2010,12
M8,P01,2011,1
M8,P01,2011,2
M8,P01,2011,3
M8,P01,2011,4
M8,P01,2011,5
M8,P01,2011,6
M8,P01,2011,7
M8,P02,2010,1
M8,P02,2010,2
M8,P02,2010,3
M8,P02,2010,4
M8,P02,2010,5
M8,P02,2010,6
M8,P02,2010,7
M8,P02,2010,8
M8,P02,2010,9
M8,P02,2010,10
M8,P02,2010,11
M8,P02,2010,12
M8,P02,2011,1
M8,P02,2011,2
M8,P02,2011,3
M8,P02,2011,4
M8,P02,2011,5
M8,P02,2011,6
M8,P02,2011,7
M8,P04,2010,1
M8,P04,2010,2
M8,P04,2010,3
M8,P04,2010,4
M8,P04,2010,5
M8,P04,2010,6
M8,P04,2010,7
M8,P04,2010,8
M8,P04,2010,9
M8,P04,2010,10
M8,P04,2010,11
M8,P04,2010,12
M8,P04,2011,1
M8,P04,2011,2
M8,P04,2011,3
M8,P04,2011,4
M8,P04,2011,5
M8,P04,2011,6
M8,P04,2011,7
M8,P05,2010,1
M8,P05,2010,2
M8,P05,2010,3
M8,P05,2010,4
M8,P05,2010,5
M8,P05,2010,6
M8,P05,2010,7
M8,P05,2010,8
M8,P05,2010,9
M8,P05,2010,10
M8,P05,2010,11
M8,P05,2010,12
M8,P05,2011,1
M8,P05,2011,2
M8,P05,2011,3
M8,P05,2011,4
M8,P05,2011,5
M8,P05,2011,6
M8,P05,2011,7
M8,P06,2010,1
M8,P06,2010,2
M8,P06,2010,3
M8,P06,2010,4
M8,P06,2010,5
M8,P06,2010,6
M8,P06,2010,7
M8,P06,2010,8
M8,P06,2010,9
M8,P06,2010,10
M8,P06,2010,11
M8,P06,2010,12
M8,P06,2011,1
M8,P06,2011,2
M8,P06,2011,3
M8,P06,2011,4
M8,P06,2011,5
M8,P06,2011,6
M8,P06,2011,7
M8,P09,2010,1
M8,P09,2010,2
M8,P09,2010,3
M8,P09,2010,4
M8,P09,2010,5
M8,P09,2010,6
M8,P09,2010,7
M8,P09,2010,8
M8,P09,2010,9
M8,P09,2010,10
M8,P09,2010,11
M8,P09,2010,12
M8,P09,2011,1
M8,P09,2011,2
M8,P09,2011,3
M8,P09,2011,4
M8,P09,2011,5
M8,P09,2011,6
M8,P09,2011,7
M8,P10,2010,1
M8,P10,2010,2
M8,P10,2010,3
M8,P10,2010,4
M8,P10,2010,5
M8,P10,2010,6
M8,P10,2010,7
M8,P10,2010,8
M8,P10,2010,9
M8,P10,2010,10
M8,P10,2010,11
M8,P10,2010,12
M8,P10,2011,1
M8,P10,2011,2
M8,P10,2011,3
M8,P10,2011,4
M8,P10,2011,5
M8,P10,2011,6
M8,P10,2011,7
M8,P11,2010,1
M8,P11,2010,2
M8,P11,2010,3
M8,P11,2010,4
M8,P11,2010,5
M8,P11,2010,6
M8,P11,2010,7
M8,P11,2010,8
M8,P11,2010,9
M8,P11,2010,10
M8,P11,2010,11
M8,P11,2010,12
M8,P11,2011,1
M8,P11,2011,2
M8,P11,2011,3
M8,P11,2011,4
M8,P11,2011,5
M8,P11,2011,6
M8,P11,2011,7
M8,P12,2010,1
M8,P12,2010,2
M8,P12,2010,3
M8,P12,2010,4
M8,P12,2010,5
M8,P12,2010,6
M8,P12,2010,7
M8,P12,2010,8
M8,P12,2010,9
M8,P12,2010,10
M8,P12,2010,11
M8,P12,2010,12
M8,P12,2011,1
M8,P12,2011,2
M8,P12,2011,3
M8,P12,2011,4
M8,P12,2011,5
M8,P12,2011,6
M8,P12,2011,7
M8,P13,2010,1
M8,P13,2010,2
M8,P13,2010,3
M8,P13,2010,4
M8,P13,2010,5
M8,P13,2010,6
M8,P13,2010,7
M8,P13,2010,8
M8,P13,2010,9
M8,P13,2010,10
M8,P13,2010,11
M8,P13,2010,12
M8,P13,2011,1
M8,P13,2011,2
M8,P13,2011,3
M8,P13,2011,4
M8,P13,2011,5
M8,P13,2011,6
M8,P13,2011,7
M8,P15,2010,1
M8,P15,2010,2
M8,P15,2010,3
M8,P15,2010,4
M8,P15,2010,5
M8,P15,2010,6
M8,P15,2010,7
M8,P15,2010,8
M8,P15,2010,9
M8,P15,2010,10
M8,P15,2010,11
M8,P15,2010,12
M8,P15,2011,1
M8,P15,2011,2
M8,P15,2011,3
M8,P15,2011,4
M8,P15,2011,5
M8,P15,2011,6
M8,P15,2011,7
M8,P16,2010,1
M8,P16,2010,2
M8,P16,2010,3
M8,P16,2010,4
M8,P16,2010,5
M8,P16,2010,6
M8,P16,2010,7
M8,P16,2010,8
M8,P16,2010,9
M8,P16,2010,10
M8,P16,2010,11
M8,P16,2010,12
M8,P16,2011,1
M8,P16,2011,2
M8,P16,2011,3
M8,P16,2011,4
M8,P16,2011,5
M8,P16,2011,6
M8,P16,2011,7
M8,P17,2010,1
M8,P17,2010,2
M8,P17,2010,3
M8,P17,2010,4
M8,P17,2010,5
M8,P17,2010,6
M8,P17,2010,7
M8,P17,2010,8
M8,P17,2010,9
M8,P17,2010,10
M8,P17,2010,11
M8,P17,2010,12
M8,P17,2011,1
M8,P17,2011,2
M8,P17,2011,3
M8,P17,2011,4
M8,P17,2011,5
M8,P17,2011,6
M8,P17,2011,7
M8,P19,2010,1
M8,P19,2010,2
M8,P19,2010,3
M8,P19,2010,4
M8,P19,2010,5
M8,P19,2010,6
M8,P19,2010,7
M8,P19,2010,8
M8,P19,2010,9
M8,P19,2010,10
M8,P19,2010,11
M8,P19,2010,12
M8,P19,2011,1
M8,P19,2011,2
M8,P19,2011,3
M8,P19,2011,4
M8,P19,2011,5
M8,P19,2011,6
M8,P19,2011,7
M8,P20,2010,1
M8,P20,2010,2
M8,P20,2010,3
M8,P20,2010,4
M8,P20,2010,5
M8,P20,2010,6
M8,P20,2010,7
M8,P20,2010,8
M8,P20,2010,9
M8,P20,2010,10
M8,P20,2010,11
M8,P20,2010,12
M8,P20,2011,1
M8,P20,2011,2
M8,P20,2011,3
M8,P20,2011,4
M8,P20,2011,5
M8,P20,2011,6
M8,P20,2011,7
M8,P21,2010,1
M8,P21,2010,2
M8,P21,2010,3
M8,P21,2010,4
M8,P21,2010,5
M8,P21,2010,6
M8,P21,2010,7
M8,P21,2010,8
M8,P21,2010,9
M8,P21,2010,10
M8,P21,2010,11
M8,P21,2010,12
M8,P21,2011,1
M8,P21,2011,2
M8,P21,2011,3
M8,P21,2011,4
M8,P21,2011,5
M8,P21,2011,6
M8,P21,2011,7
M8,P22,2010,1
M8,P22,2010,2
M8,P22,2010,3
M8,P22,2010,4
M8,P22,2010,5
M8,P22,2010,6
M8,P22,2010,7
M8,P22,2010,8
M8,P22,2010,9
M8,P22,2010,10
M8,P22,2010,11
M8,P22,2010,12
M8,P22,2011,1
M8,P22,2011,2
M8,P22,2011,3
M8,P22,2011,4
M8,P22,2011,5
M8,P22,2011,6
M8,P22,2011,7
M8,P24,2010,1
M8,P24,2010,2
M8,P24,2010,3
M8,P24,2010,4
M8,P24,2010,5
M8,P24,2010,6
M8,P24,2010,7
M8,P24,2010,8
M8,P24,2010,9
M8,P24,2010,10
M8,P24,2010,11
M8,P24,2010,12
M8,P24,2011,1
M8,P24,2011,2
M8,P24,2011,3
M8,P24,2011,4
M8,P24,2011,5
M8,P24,2011,6
M8,P24,2011,7
M8,P25,2010,1
M8,P25,2010,2
M8,P25,2010,3
M8,P25,2010,4
M8,P25,2010,5
M8,P25,2010,6
M8,P25,2010,7
M8,P25,2010,8
M8,P25,2010,9
M8,P25,2010,10
M8,P25,2010,11
M8,P25,2010,12
M8,P25,2011,1
M8,P25,2011,2
M8,P25,2011,3
M8,P25,2011,4
M8,P25,2011,5
M8,P25,2011,6
M8,P25,2011,7
M8,P26,2010,1
M8,P26,2010,2
M8,P26,2010,3
M8,P26,2010,4
M8,P26,2010,5
M8,P26,2010,6
M8,P26,2010,7
M8,P26,2010,8
M8,P26,2010,9
M8,P26,2010,10
M8,P26,2010,11
M8,P26,2010,12
M8,P26,2011,1
M8,P26,2011,2
M8,P26,2011,3
M8,P26,2011,4
M8,P26,2011,5
M8,P26,2011,6
M8,P26,2011,7
M8,P27,2010,1
M8,P27,2010,2
M8,P27,2010,3
M8,P27,2010,4
M8,P27,2010,5
M8,P27,2010,6
M8,P27,2010,7
M8,P27,2010,8
M8,P27,2010,9
M8,P27,2010,10
M8,P27,2010,11
M8,P27,2010,12
M8,P27,2011,1
M8,P27,2011,2
M8,P27,2011,3
M8,P27,2011,4
M8,P27,2011,5
M8,P27,2011,6
M8,P27,2011,7
M8,P28,2010,1
M8,P28,2010,2
M8,P28,2010,3
M8,P28,2010,4
M8,P28,2010,5
M8,P28,2010,6
M8,P28,2010,7
M8,P28,2010,8
M8,P28,2010,9
M8,P28,2010,10
M8,P28,2010,11
M8,P28,2010,12
M8,P28,2011,1
M8,P28,2011,2
M8,P28,2011,3
M8,P28,2011,4
M8,P28,2011,5
M8,P28,2011,6
M8,P28,2011,7
M8,P30,2010,1
M8,P30,2010,2
M8,P30,2010,3
M8,P30,2010,4
M8,P30,2010,5
M8,P30,2010,6
M8,P30,2010,7
M8,P30,2010,8
M8,P30,2010,9
M8,P30,2010,10
M8,P30,2010,11
M8,P30,2010,12
M8,P30,2011,1
M8,P30,2011,2
M8,P30,2011,3
M8,P30,2011,4
M8,P30,2011,5
M8,P30,2011,6
M8,P30,2011,7
M8,P31,2010,1
M8,P31,2010,2
M8,P31,2010,3
M8,P31,2010,4
M8,P31,2010,5
M8,P31,2010,6
M8,P31,2010,7
M8,P31,2010,8
M8,P31,2010,9
M8,P31,2010,10
M8,P31,2010,11
M8,P31,2010,12
M8,P31,2011,1
M8,P31,2011,2
M8,P31,2011,3
M8,P31,2011,4
M8,P31,2011,5
M8,P31,2011,6
M8,P31,2011,7
M9,P01,2010,1
M9,P01,2010,2
M9,P01,2010,3
M9,P01,2010,4
M9,P01,2010,5
M9,P01,2010,6
M9,P01,2010,7
M9,P01,2010,8
M9,P01,2010,9
M9,P01,2010,10
M9,P01,2010,11
M9,P01,2010,12
M9,P01,2011,1
M9,P01,2011,2
M9,P01,2011,3
M9,P01,2011,4
M9,P01,2011,5
M9,P01,2011,6
M9,P01,2011,7
M9,P02,2010,1
M9,P02,2010,2
M9,P02,2010,3
M9,P02,2010,4
M9,P02,2010,5
M9,P02,2010,6
M9,P02,2010,7
M9,P02,2010,8
M9,P02,2010,9
M9,P02,2010,10
M9,P02,2010,11
M9,P02,2010,12
M9,P02,2011,1
M9,P02,2011,2
M9,P02,2011,3
M9,P02,2011,4
M9,P02,2011,5
M9,P02,2011,6
M9,P02,2011,7
M9,P04,2010,1
M9,P04,2010,2
M9,P04,2010,3
M9,P04,2010,4
M9,P04,2010,5
M9,P04,2010,6
M9,P04,2010,7
M9,P04,2010,8
M9,P04,2010,9
M9,P04,2010,10
M9,P04,2010,11
M9,P04,2010,12
M9,P04,2011,1
M9,P04,2011,2
M9,P04,2011,3
M9,P04,2011,4
M9,P04,2011,5
M9,P04,2011,6
M9,P04,2011,7
M9,P05,2010,1
M9,P05,2010,2
M9,P05,2010,3
M9,P05,2010,4
M9,P05,2010,5
M9,P05,2010,6
M9,P05,2010,7
M9,P05,2010,8
M9,P05,2010,9
M9,P05,2010,10
M9,P05,2010,11
M9,P05,2010,12
M9,P05,2011,1
M9,P05,2011,2
M9,P05,2011,3
M9,P05,2011,4
M9,P05,2011,5
M9,P05,2011,6
M9,P05,2011,7
M9,P06,2010,1
M9,P06,2010,2
M9,P06,2010,3
M9,P06,2010,4
M9,P06,2010,5
M9,P06,2010,6
M9,P06,2010,7
M9,P06,2010,8
M9,P06,2010,9
M9,P06,2010,10
M9,P06,2010,11
M9,P06,2010,12
M9,P06,2011,1
M9,P06,2011,2
M9,P06,2011,3
M9,P06,2011,4
M9,P06,2011,5
M9,P06,2011,6
M9,P06,2011,7
M9,P09,2010,1
M9,P09,2010,2
M9,P09,2010,3
M9,P09,2010,4
M9,P09,2010,5
M9,P09,2010,6
M9,P09,2010,7
M9,P09,2010,8
M9,P09,2010,9
M9,P09,2010,10
M9,P09,2010,11
M9,P09,2010,12
M9,P09,2011,1
M9,P09,2011,2
M9,P09,2011,3
M9,P09,2011,4
M9,P09,2011,5
M9,P09,2011,6
M9,P09,2011,7
M9,P10,2010,1
M9,P10,2010,2
M9,P10,2010,3
M9,P10,2010,4
M9,P10,2010,5
M9,P10,2010,6
M9,P10,2010,7
M9,P10,2010,8
M9,P10,2010,9
M9,P10,2010,10
M9,P10,2010,11
M9,P10,2010,12
M9,P10,2011,1
M9,P10,2011,2
M9,P10,2011,3
M9,P10,2011,4
M9,P10,2011,5
M9,P10,2011,6
M9,P10,2011,7
M9,P11,2010,1
M9,P11,2010,2
M9,P11,2010,3
M9,P11,2010,4
M9,P11,2010,5
M9,P11,2010,6
M9,P11,2010,7
M9,P11,2010,8
M9,P11,2010,9
M9,P11,2010,10
M9,P11,2010,11
M9,P11,2010,12
M9,P11,2011,1
M9,P11,2011,2
M9,P11,2011,3
M9,P11,2011,4
M9,P11,2011,5
M9,P11,2011,6
M9,P11,2011,7
M9,P12,2010,1
M9,P12,2010,2
M9,P12,2010,3
M9,P12,2010,4
M9,P12,2010,5
M9,P12,2010,6
M9,P12,2010,7
M9,P12,2010,8
M9,P12,2010,9
M9,P12,2010,10
M9,P12,2010,11
M9,P12,2010,12
M9,P12,2011,1
M9,P12,2011,2
M9,P12,2011,3
M9,P12,2011,4
M9,P12,2011,5
M9,P12,2011,6
M9,P12,2011,7
M9,P13,2010,1
M9,P13,2010,2
M9,P13,2010,3
M9,P13,2010,4
M9,P13,2010,5
M9,P13,2010,6
M9,P13,2010,7
M9,P13,2010,8
M9,P13,2010,9
M9,P13,2010,10
M9,P13,2010,11
M9,P13,2010,12
M9,P13,2011,1
M9,P13,2011,2
M9,P13,2011,3
M9,P13,2011,4
M9,P13,2011,5
M9,P13,2011,6
M9,P13,2011,7
M9,P15,2010,1
M9,P15,2010,2
M9,P15,2010,3
M9,P15,2010,4
M9,P15,2010,5
M9,P15,2010,6
M9,P15,2010,7
M9,P15,2010,8
M9,P15,2010,9
M9,P15,2010,10
M9,P15,2010,11
M9,P15,2010,12
M9,P15,2011,1
M9,P15,2011,2
M9,P15,2011,3
M9,P15,2011,4
M9,P15,2011,5
M9,P15,2011,6
M9,P15,2011,7
M9,P16,2010,1
M9,P16,2010,2
M9,P16,2010,3
M9,P16,2010,4
M9,P16,2010,5
M9,P16,2010,6
M9,P16,2010,7
M9,P16,2010,8
M9,P16,2010,9
M9,P16,2010,10
M9,P16,2010,11
M9,P16,2010,12
M9,P16,2011,1
M9,P16,2011,2
M9,P16,2011,3
M9,P16,2011,4
M9,P16,2011,5
M9,P16,2011,6
M9,P16,2011,7
M9,P17,2010,1
M9,P17,2010,2
M9,P17,2010,3
M9,P17,2010,4
M9,P17,2010,5
M9,P17,2010,6
M9,P17,2010,7
M9,P17,2010,8
M9,P17,2010,9
M9,P17,2010,10
M9,P17,2010,11
M9,P17,2010,12
M9,P17,2011,1
M9,P17,2011,2
M9,P17,2011,3
M9,P17,2011,4
M9,P17,2011,5
M9,P17,2011,6
M9,P17,2011,7
M9,P19,2010,1
M9,P19,2010,2
M9,P19,2010,3
M9,P19,2010,4
M9,P19,2010,5
M9,P19,2010,6
M9,P19,2010,7
M9,P19,2010,8
M9,P19,2010,9
M9,P19,2010,10
M9,P19,2010,11
M9,P19,2010,12
M9,P19,2011,1
M9,P19,2011,2
M9,P19,2011,3
M9,P19,2011,4
M9,P19,2011,5
M9,P19,2011,6
M9,P19,2011,7
M9,P20,2010,1
M9,P20,2010,2
M9,P20,2010,3
M9,P20,2010,4
M9,P20,2010,5
M9,P20,2010,6
M9,P20,2010,7
M9,P20,2010,8
M9,P20,2010,9
M9,P20,2010,10
M9,P20,2010,11
M9,P20,2010,12
M9,P20,2011,1
M9,P20,2011,2
M9,P20,2011,3
M9,P20,2011,4
M9,P20,2011,5
M9,P20,2011,6
M9,P20,2011,7
M9,P21,2010,1
M9,P21,2010,2
M9,P21,2010,3
M9,P21,2010,4
M9,P21,2010,5
M9,P21,2010,6
M9,P21,2010,7
M9,P21,2010,8
M9,P21,2010,9
M9,P21,2010,10
M9,P21,2010,11
M9,P21,2010,12
M9,P21,2011,1
M9,P21,2011,2
M9,P21,2011,3
M9,P21,2011,4
M9,P21,2011,5
M9,P21,2011,6
M9,P21,2011,7
M9,P22,2010,1
M9,P22,2010,2
M9,P22,2010,3
M9,P22,2010,4
M9,P22,2010,5
M9,P22,2010,6
M9,P22,2010,7
M9,P22,2010,8
M9,P22,2010,9
M9,P22,2010,10
M9,P22,2010,11
M9,P22,2010,12
M9,P22,2011,1
M9,P22,2011,2
M9,P22,2011,3
M9,P22,2011,4
M9,P22,2011,5
M9,P22,2011,6
M9,P22,2011,7
M9,P23,2010,1
M9,P23,2010,2
M9,P23,2010,3
M9,P23,2010,4
M9,P23,2010,5
M9,P23,2010,6
M9,P23,2010,7
M9,P23,2010,8
M9,P23,2010,9
M9,P23,2010,10
M9,P23,2010,11
M9,P23,2010,12
M9,P23,2011,1
M9,P23,2011,2
M9,P23,2011,3
M9,P23,2011,4
M9,P23,2011,5
M9,P23,2011,6
M9,P23,2011,7
M9,P24,2010,1
M9,P24,2010,2
M9,P24,2010,3
M9,P24,2010,4
M9,P24,2010,5
M9,P24,2010,6
M9,P24,2010,7
M9,P24,2010,8
M9,P24,2010,9
M9,P24,2010,10
M9,P24,2010,11
M9,P24,2010,12
M9,P24,2011,1
M9,P24,2011,2
M9,P24,2011,3
M9,P24,2011,4
M9,P24,2011,5
M9,P24,2011,6
M9,P24,2011,7
M9,P25,2010,1
M9,P25,2010,2
M9,P25,2010,3
M9,P25,2010,4
M9,P25,2010,5
M9,P25,2010,6
M9,P25,2010,7
M9,P25,2010,8
M9,P25,2010,9
M9,P25,2010,10
M9,P25,2010,11
M9,P25,2010,12
M9,P25,2011,1
M9,P25,2011,2
M9,P25,2011,3
M9,P25,2011,4
M9,P25,2011,5
M9,P25,2011,6
M9,P25,2011,7
M9,P26,2010,1
M9,P26,2010,2
M9,P26,2010,3
M9,P26,2010,4
M9,P26,2010,5
M9,P26,2010,6
M9,P26,2010,7
M9,P26,2010,8
M9,P26,2010,9
M9,P26,2010,10
M9,P26,2010,11
M9,P26,2010,12
M9,P26,2011,1
M9,P26,2011,2
M9,P26,2011,3
M9,P26,2011,4
M9,P26,2011,5
M9,P26,2011,6
M9,P26,2011,7
M9,P27,2010,1
M9,P27,2010,2
M9,P27,2010,3
M9,P27,2010,4
M9,P27,2010,5
M9,P27,2010,6
M9,P27,2010,7
M9,P27,2010,8
M9,P27,2010,9
M9,P27,2010,10
M9,P27,2010,11
M9,P27,2010,12
M9,P27,2011,1
M9,P27,2011,2
M9,P27,2011,3
M9,P27,2011,4
M9,P27,2011,5
M9,P27,2011,6
M9,P27,2011,7
M9,P28,2010,1
M9,P28,2010,2
M9,P28,2010,3
M9,P28,2010,4
M9,P28,2010,5
M9,P28,2010,6
M9,P28,2010,7
M9,P28,2010,8
M9,P28,2010,9
M9,P28,2010,10
M9,P28,2010,11
M9,P28,2010,12
M9,P28,2011,1
M9,P28,2011,2
M9,P28,2011,3
M9,P28,2011,4
M9,P28,2011,5
M9,P28,2011,6
M9,P28,2011,7
M9,P30,2010,1
M9,P30,2010,2
M9,P30,2010,3
M9,P30,2010,4
M9,P30,2010,5
M9,P30,2010,6
M9,P30,2010,7
M9,P30,2010,8
M9,P30,2010,9
M9,P30,2010,10
M9,P30,2010,11
M9,P30,2010,12
M9,P30,2011,1
M9,P30,2011,2
M9,P30,2011,3
M9,P30,2011,4
M9,P30,2011,5
M9,P30,2011,6
M9,P30,2011,7
M9,P31,2010,1
M9,P31,2010,2
M9,P31,2010,3
M9,P31,2010,4
M9,P31,2010,5
M9,P31,2010,6
M9,P31,2010,7
M9,P31,2010,8
M9,P31,2010,9
M9,P31,2010,10
M9,P31,2010,11
M9,P31,2010,12
M9,P31,2011,1
M9,P31,2011,2
M9,P31,2011,3
M9,P31,2011,4
M9,P31,2011,5
M9,P31,2011,6
M9,P31,2011,7
